id,cage,add_date,last_update,birth_date,death_date,producing_weanevent,producing_buycageevent,sex,line,gene,line2,gene2,line3,gene3,mother,father,status,user,current_mateevent,current_pregevent,current_birthevent,animal_type,original_id,docility,current_room,kept_here,note
1,Cage-1,2016-10-05 23:46:21.425722+00:00,2018-10-23 03:07:55.623639+00:00,2016-08-04,2016-10-02,,BuyCage-1-on-2016-10-05,M,C57BL/6N,+/+,,,,,,,R,KASAI,,,,Mouse,,,,True,
4,Cage-1,2016-10-05 23:46:21.442303+00:00,2018-10-23 03:07:55.654547+00:00,2016-08-04,2016-09-27,,BuyCage-1-on-2016-10-05,M,C57BL/6N,+/+,,,,,,,R,KASAI,,,,Mouse,,,,True,
67,Cage-3,2016-10-14 06:58:29.781906+00:00,2018-10-23 03:07:56.214917+00:00,2016-12-27,2017-03-02,,BuyCage-2-on-2016-10-14,F,VGAT-Venus,-/-,,,,,,,R,KASAI,,,,Mouse,,,,True,"birth, 12/27/2016, from MIC"
68,Cage-3,2016-10-14 06:58:29.787618+00:00,2018-10-23 03:07:56.223941+00:00,2016-12-27,2017-03-02,,BuyCage-2-on-2016-10-14,F,VGAT-Venus,-/-,,,,,,,R,KASAI,,,,Mouse,,,,True,"birth: 12/27/2016, from MIC"
69,Cage-3,2016-10-14 06:58:29.792957+00:00,2018-10-23 03:07:56.234729+00:00,2016-12-27,2016-11-02,,BuyCage-2-on-2016-10-14,M,VGAT-Venus,-/-,,,,,,,R,KASAI,,,,Mouse,,,,True,"birth: 12/27/2016, from MIC"
70,Cage-3,2016-10-14 06:58:29.798441+00:00,2018-10-23 03:07:56.244276+00:00,2016-12-27,2017-06-24,,BuyCage-2-on-2016-10-14,M,VGAT-Venus,-/-,,,,,,,R,KASAI,,,,Mouse,,,,True,"birth, 12/27/2016, from MIC"
71,Cage-5,2016-10-14 07:13:13.203537+00:00,2018-10-23 03:07:56.261610+00:00,2016-06-02,2017-06-24,Wean--2-mother:Mouse-67--on--2016-01-01,,F,VGAT-Venus,,,,,,Mouse-67,Mouse-69,R,KASAI,,,,Mouse,,,,True,
72,Cage-5,2016-10-14 07:13:13.209443+00:00,2018-10-23 03:07:56.278432+00:00,2016-06-02,2017-06-24,Wean--2-mother:Mouse-67--on--2016-01-01,,M,VGAT-Venus,,,,,,Mouse-67,Mouse-69,R,KASAI,,,,Mouse,,,,True,
73,Cage-5,2016-10-14 07:13:13.214921+00:00,2018-10-23 03:07:56.294005+00:00,2016-06-02,2016-08-02,Wean--2-mother:Mouse-67--on--2016-01-01,,M,VGAT-Venus,,,,,,Mouse-67,Mouse-69,R,KASAI,,,,Mouse,,,C-413,True,
74,Cage-5,2016-10-14 07:13:13.220227+00:00,2018-10-23 03:07:56.308769+00:00,2016-06-02,2016-08-02,Wean--2-mother:Mouse-67--on--2016-01-01,,M,VGAT-Venus,,,,,,Mouse-67,Mouse-69,R,KASAI,,,,Mouse,,,C-413,True,
75,Cage-5,2016-10-14 07:13:13.225832+00:00,2018-10-23 03:07:56.323817+00:00,2016-06-02,2016-08-02,Wean--2-mother:Mouse-67--on--2016-01-01,,M,VGAT-Venus,,,,,,Mouse-67,Mouse-69,R,KASAI,,,,Mouse,,,,True,
76,Cage-5,2016-10-14 07:13:13.231060+00:00,2018-10-23 03:07:56.339182+00:00,2016-06-02,2016-08-02,Wean--2-mother:Mouse-67--on--2016-01-01,,M,VGAT-Venus,,,,,,Mouse-67,Mouse-69,R,KASAI,,,,Mouse,,,,True,
77,Cage-5,2016-10-14 07:13:13.236131+00:00,2018-10-23 03:07:56.355958+00:00,2016-06-02,2016-08-02,Wean--2-mother:Mouse-67--on--2016-01-01,,M,VGAT-Venus,,,,,,Mouse-67,Mouse-69,R,KASAI,,,,Mouse,,,C-413,True,
78,Cage-6,2016-10-14 07:19:58.789925+00:00,2018-10-23 03:07:56.371015+00:00,2016-06-23,2017-06-24,Wean--3-mother:Mouse-68--on--2016-07-21,,F,VGAT-Venus,,,,,,Mouse-68,Mouse-70,R,KASAI,,,,Mouse,,,,True,
79,Cage-6,2016-10-14 07:19:58.796114+00:00,2018-10-23 03:07:56.386740+00:00,2016-06-23,2016-08-25,Wean--3-mother:Mouse-68--on--2016-07-21,,F,VGAT-Venus,-/-,,,,,Mouse-68,Mouse-70,R,KASAI,,,,Mouse,,,SPF(Mouse),True,不正咬合
80,Cage-6,2016-10-14 07:19:58.802159+00:00,2018-10-23 03:07:56.408480+00:00,2016-06-23,2017-06-24,Wean--3-mother:Mouse-68--on--2016-07-21,,F,VGAT-Venus,,,,,,Mouse-68,Mouse-70,R,KASAI,,,,Mouse,,,,True,
81,Cage-6,2016-10-14 07:19:58.807634+00:00,2018-10-23 03:07:56.424035+00:00,2016-06-23,2017-06-24,Wean--3-mother:Mouse-68--on--2016-07-21,,M,VGAT-Venus,,,,,,Mouse-68,Mouse-70,R,KASAI,,,,Mouse,,,,True,
82,Cage-7,2016-10-14 07:19:58.812878+00:00,2018-10-23 03:07:56.441866+00:00,2016-06-27,,Wean--4-mother:Mouse-67--on--2016-08-30,,F,VGAT-Venus,-/-,,,,,Mouse-67,Mouse-69,B,KASAI,,,BirthRaising--14-mother:Mouse-82--on--2016-10-27,Mouse,,,SPF(Mouse),True,
83,Cage-7,2016-10-14 10:53:21.161627+00:00,2018-10-23 03:07:56.456335+00:00,2016-07-27,2016-10-02,Wean--4-mother:Mouse-67--on--2016-08-30,,F,VGAT-Venus,-/-,,,,,Mouse-67,Mouse-69,R,KASAI,,,,Mouse,,,C-413,True,
84,Cage-7,2016-10-14 07:26:59.721091+00:00,2018-10-23 03:07:56.473452+00:00,2016-07-27,2016-10-02,Wean--4-mother:Mouse-67--on--2016-08-30,,M,VGAT-Venus,-/-,,,,,Mouse-67,Mouse-69,R,KASAI,,,,Mouse,,,C-413,True,
85,Cage-7,2016-10-14 07:26:59.726963+00:00,2018-10-23 03:07:56.486715+00:00,2016-07-27,2016-12-15,Wean--4-mother:Mouse-67--on--2016-08-30,,M,VGAT-Venus,-/-,,,,,Mouse-67,Mouse-69,R,KASAI,,,,Mouse,,,C-413,True,
86,Cage-7,2016-10-14 07:26:59.732308+00:00,2018-10-23 03:07:56.501837+00:00,2016-07-27,2016-12-15,Wean--4-mother:Mouse-67--on--2016-08-30,,M,VGAT-Venus,,,,,,Mouse-67,Mouse-69,R,KASAI,,,,Mouse,,,,True,
87,Cage-7,2016-10-14 07:26:59.737658+00:00,2018-10-23 03:07:56.516366+00:00,2016-07-27,2016-12-15,Wean--4-mother:Mouse-67--on--2016-08-30,,M,VGAT-Venus,,,,,,Mouse-67,Mouse-69,R,KASAI,,,,Mouse,,,,True,
88,Cage-7,2016-10-14 10:53:29.010123+00:00,2018-10-23 03:07:56.532826+00:00,2016-07-27,2016-09-15,Wean--4-mother:Mouse-67--on--2016-08-30,,M,VGAT-Venus,-/-,,,,,Mouse-67,Mouse-69,R,KASAI,,,,Mouse,,,SPF(Mouse),True,
89,Cage-8,2016-10-14 07:37:51.624489+00:00,2018-10-23 03:07:56.540810+00:00,2016-04-20,2016-11-02,,BuyCage-3-on-2016-10-14,F,GAD67-GFP-ΔNeo,+/-,,,,,,,R,KASAI,,,,Mouse,,,SPF(Mouse),True,
90,Cage-8,2016-10-14 07:37:51.632232+00:00,2018-10-23 03:07:56.548610+00:00,2016-04-20,2016-11-02,,BuyCage-3-on-2016-10-14,F,GAD67-GFP-ΔNeo,+/-,,,,,,,R,KASAI,,,,Mouse,,,SPF(Mouse),True,
91,Cage-8,2016-10-14 07:37:51.638409+00:00,2018-10-23 03:07:56.558110+00:00,2016-04-20,2016-11-02,,BuyCage-3-on-2016-10-14,F,GAD67-GFP-ΔNeo,+/-,,,,,,,R,KASAI,,,,Mouse,,,SPF(Mouse),True,
92,Cage-8,2016-10-14 07:37:51.643885+00:00,2018-10-23 03:07:56.568708+00:00,2016-04-20,,,BuyCage-3-on-2016-10-14,F,GAD67-GFP-ΔNeo,+/-,,,,,,,M,KASAI,Mate-28-mother:Mouse-92-with-father-Mouse-98--on--2016-10-20,,,Mouse,,,SPF(Mouse),True,
93,Cage-8,2016-10-14 07:37:51.649317+00:00,2018-10-23 03:07:56.578469+00:00,2016-04-20,2016-11-02,,BuyCage-3-on-2016-10-14,F,GAD67-GFP-ΔNeo,+/-,,,,,,,R,KASAI,,,,Mouse,,,SPF(Mouse),True,
94,Cage-8,2016-10-14 07:37:51.654916+00:00,2018-10-23 03:07:56.586630+00:00,2016-04-20,2017-09-07,,BuyCage-3-on-2016-10-14,F,GAD67-GFP-ΔNeo,+/-,,,,,,,R,KASAI,,,,Mouse,,,SPF(Mouse),True,
95,Cage-8,2016-10-14 07:37:51.660208+00:00,2018-10-23 03:07:56.595182+00:00,2016-04-20,2016-10-20,,BuyCage-3-on-2016-10-14,F,GAD67-GFP-ΔNeo,+/-,,,,,,,R,KASAI,,,,Mouse,,,SPF(Mouse),True,
96,Cage-8,2016-10-14 07:37:51.665363+00:00,2018-10-23 03:07:56.603099+00:00,2016-04-20,2016-06-20,,BuyCage-3-on-2016-10-14,F,GAD67-GFP-ΔNeo,+/-,,,,,,,R,KASAI,,,,Mouse,,,SPF(Mouse),True,
97,Cage-8,2016-10-14 07:37:51.670644+00:00,2018-10-23 03:07:56.611333+00:00,2016-04-20,2016-10-02,,BuyCage-3-on-2016-10-14,F,GAD67-GFP-ΔNeo,+/-,,,,,,,R,KASAI,,,,Mouse,,,SPF(Mouse),True,
98,Cage-8,2016-10-14 07:37:51.675830+00:00,2018-10-23 03:07:56.620274+00:00,2016-04-20,2016-10-20,,BuyCage-3-on-2016-10-14,M,GAD67-GFP-ΔNeo,+/-,,,,,,,R,KASAI,,,,Mouse,,,SPF(Mouse),True,
99,Cage-8,2016-10-14 07:37:51.680996+00:00,2018-10-23 03:07:56.629800+00:00,2016-04-20,2017-06-24,,BuyCage-3-on-2016-10-14,M,GAD67-GFP-ΔNeo,+/-,,,,,,,R,KASAI,,,,Mouse,,,SPF(Mouse),True,
100,Cage-8,2016-10-14 07:37:51.686420+00:00,2018-10-23 03:07:56.637330+00:00,2016-04-20,2017-09-07,,BuyCage-3-on-2016-10-14,M,GAD67-GFP-ΔNeo,+/-,,,,,,,R,KASAI,,,,Mouse,,,SPF(Mouse),True,
101,Cage-15,2016-10-28 08:11:28.486850+00:00,2018-10-23 03:07:56.654638+00:00,2016-09-29,2016-10-02,Wean--8-mother:Mouse-67--on--2016-10-27,,F,VGAT-Venus,,,,,,Mouse-67,Mouse-69,R,KASAI,,,,Mouse,,,SPF(Mouse),True,
102,Cage-15,2016-10-28 08:11:28.493057+00:00,2018-10-23 03:07:56.668672+00:00,2016-09-29,2016-10-01,Wean--8-mother:Mouse-67--on--2016-10-27,,M,VGAT-Venus,,,,,,Mouse-67,Mouse-69,R,KASAI,,,,Mouse,,,SPF(Mouse),True,
103,Cage-16,2016-11-07 04:25:52.324334+00:00,2018-10-23 03:07:56.674786+00:00,2016-06-23,2017-06-24,,BuyCage-7-on-2016-11-07,M,VGAT-Venus,-/-,,,,,Mouse-68,Mouse-70,R,KASAI,,,,Mouse,,,SPF(Mouse),True,
136,Cage-23,2016-12-12 11:12:47.217418+00:00,2018-10-23 03:07:56.918105+00:00,2016-10-25,2016-11-02,Wean--9-mother:Mouse-80--on--2016-11-25,,F,VGAT-Venus,,,,,,Mouse-80,Mouse-103,R,KASAI,,,,Mouse,,,SPF(Mouse),True,
137,Cage-23,2016-12-12 11:12:47.223136+00:00,2018-10-23 03:07:56.935863+00:00,2016-10-25,,Wean--9-mother:Mouse-80--on--2016-11-25,,F,VGAT-Venus,,,,,,Mouse-80,Mouse-103,-,KASAI,,,,Mouse,,,SPF(Mouse),True,
138,Cage-23,2016-12-12 11:12:47.228371+00:00,2018-10-23 03:07:56.950365+00:00,2016-10-25,2016-11-02,Wean--9-mother:Mouse-80--on--2016-11-25,,F,VGAT-Venus,,,,,,Mouse-80,Mouse-103,R,KASAI,,,,Mouse,,,SPF(Mouse),True,
139,Cage-23,2016-12-12 11:12:47.233623+00:00,2018-10-23 03:07:56.963705+00:00,2017-10-25,2017-01-28,Wean--9-mother:Mouse-80--on--2016-11-25,,M,VGAT-Venus,,,,,,Mouse-80,Mouse-103,R,KASAI,,,,Mouse,,,SPF(Mouse),True,
140,Cage-23,2016-12-12 11:12:47.238800+00:00,2018-10-23 03:07:56.976886+00:00,2017-10-25,2017-01-28,Wean--9-mother:Mouse-80--on--2016-11-25,,M,VGAT-Venus,,,,,,Mouse-80,Mouse-103,R,KASAI,,,,Mouse,,,SPF(Mouse),True,
141,Cage-23,2016-12-12 11:12:47.243662+00:00,2018-10-23 03:07:56.991176+00:00,2017-10-25,2017-01-28,Wean--9-mother:Mouse-80--on--2016-11-25,,M,VGAT-Venus,,,,,,Mouse-80,Mouse-103,R,KASAI,,,,Mouse,,,SPF(Mouse),True,
142,Cage-23,2016-12-12 11:12:47.249367+00:00,2018-10-23 03:07:57.006888+00:00,2017-10-25,2017-01-28,Wean--9-mother:Mouse-80--on--2016-11-25,,M,VGAT-Venus,,,,,,Mouse-80,Mouse-103,R,KASAI,,,,Mouse,,,SPF(Mouse),True,
143,Cage-24,2016-12-12 11:16:56.213464+00:00,2018-10-23 03:07:57.021552+00:00,2017-10-27,2017-01-28,Wean--10-mother:Mouse-78--on--2016-11-27,,F,VGAT-Venus,,,,,,Mouse-78,Mouse-81,R,KASAI,,,,Mouse,,,SPF(Mouse),True,
144,Cage-24,2016-12-12 11:16:56.220175+00:00,2018-10-23 03:07:57.036872+00:00,2017-10-27,2017-01-28,Wean--10-mother:Mouse-78--on--2016-11-27,,F,VGAT-Venus,,,,,,Mouse-78,Mouse-81,R,KASAI,,,,Mouse,,,SPF(Mouse),True,
145,Cage-24,2016-12-12 11:16:56.225314+00:00,2018-10-23 03:07:57.050770+00:00,2017-10-27,2017-01-28,Wean--10-mother:Mouse-78--on--2016-11-27,,M,VGAT-Venus,,,,,,Mouse-78,Mouse-81,R,KASAI,,,,Mouse,,,SPF(Mouse),True,
146,Cage-24,2016-12-12 11:16:56.231473+00:00,2018-10-23 03:07:57.064487+00:00,2017-10-27,2017-01-28,Wean--10-mother:Mouse-78--on--2016-11-27,,M,VGAT-Venus,,,,,,Mouse-78,Mouse-81,R,KASAI,,,,Mouse,,,SPF(Mouse),True,
147,Cage-24,2016-12-12 11:16:56.236626+00:00,2018-10-23 03:07:57.078431+00:00,2017-10-27,2017-01-28,Wean--10-mother:Mouse-78--on--2016-11-27,,M,VGAT-Venus,,,,,,Mouse-78,Mouse-81,R,KASAI,,,,Mouse,,,SPF(Mouse),True,
148,Cage-24,2016-12-12 11:16:56.242352+00:00,2018-10-23 03:07:57.092767+00:00,2017-10-27,2017-01-28,Wean--10-mother:Mouse-78--on--2016-11-27,,M,VGAT-Venus,,,,,,Mouse-78,Mouse-81,R,KASAI,,,,Mouse,,,SPF(Mouse),True,
149,Cage-24,2016-12-12 11:16:56.248027+00:00,2018-10-23 03:07:57.107928+00:00,2017-10-27,2017-01-28,Wean--10-mother:Mouse-78--on--2016-11-27,,M,VGAT-Venus,,,,,,Mouse-78,Mouse-81,R,KASAI,,,,Mouse,,,SPF(Mouse),True,
150,Cage-25,2016-12-12 11:20:15.392288+00:00,2018-10-23 03:07:57.132389+00:00,2017-10-27,2017-01-28,Wean--11-mother:Mouse-82--on--2016-11-27,,M,VGAT-Venus,,,,,,Mouse-82,Mouse-72,R,KASAI,,,,Mouse,,,SPF(Mouse),True,
151,Cage-25,2016-12-12 11:20:15.398930+00:00,2018-10-23 03:07:57.147035+00:00,2017-10-27,2017-01-28,Wean--11-mother:Mouse-82--on--2016-11-27,,M,VGAT-Venus,,,,,,Mouse-82,Mouse-72,R,KASAI,,,,Mouse,,,SPF(Mouse),True,
152,Cage-25,2016-12-12 11:20:15.404074+00:00,2018-10-23 03:07:57.162454+00:00,2017-10-27,2017-01-28,Wean--11-mother:Mouse-82--on--2016-11-27,,M,VGAT-Venus,,,,,,Mouse-82,Mouse-72,R,KASAI,,,,Mouse,,,SPF(Mouse),True,
153,Cage-25,2016-12-12 11:20:15.409117+00:00,2018-10-23 03:07:57.177730+00:00,2017-10-27,2017-01-28,Wean--11-mother:Mouse-82--on--2016-11-27,,M,VGAT-Venus,,,,,,Mouse-82,Mouse-72,R,KASAI,,,,Mouse,,,SPF(Mouse),True,
154,Cage-25,2016-12-12 11:20:15.414031+00:00,2018-10-23 03:07:57.190552+00:00,2017-10-27,2017-01-28,Wean--11-mother:Mouse-82--on--2016-11-27,,M,VGAT-Venus,,,,,,Mouse-82,Mouse-72,R,KASAI,,,,Mouse,,,SPF(Mouse),True,
155,Cage-25,2016-12-12 11:20:15.418859+00:00,2018-10-23 03:07:57.205518+00:00,2017-10-27,2017-01-28,Wean--11-mother:Mouse-82--on--2016-11-27,,M,VGAT-Venus,,,,,,Mouse-82,Mouse-72,R,KASAI,,,,Mouse,,,SPF(Mouse),True,
156,Cage-26,2016-12-14 10:22:24.502371+00:00,2018-10-23 03:07:57.219276+00:00,2016-10-14,2016-11-02,Wean--12-mother:Mouse-91--on--2016-11-14,,F,GAD67-GFP-ΔNeo,,,,,,Mouse-91,Mouse-100,R,KASAI,,,,Mouse,,,C-413,True,
157,Cage-26,2016-12-14 10:22:24.507733+00:00,2018-10-23 03:07:57.236107+00:00,2016-10-14,,Wean--12-mother:Mouse-91--on--2016-11-14,,F,GAD67-GFP-ΔNeo,,,,,,Mouse-91,Mouse-100,-,KASAI,,,,Mouse,,,C-413,True,
158,Cage-26,2016-12-14 10:22:24.512951+00:00,2018-10-23 03:07:57.249047+00:00,2016-10-14,2016-11-02,Wean--12-mother:Mouse-91--on--2016-11-14,,F,GAD67-GFP-ΔNeo,,,,,,Mouse-91,Mouse-100,R,KASAI,,,,Mouse,,,C-413,True,
159,Cage-26,2016-12-14 10:22:24.517926+00:00,2018-10-23 03:07:57.263168+00:00,2016-10-14,2016-11-02,Wean--12-mother:Mouse-91--on--2016-11-14,,F,GAD67-GFP-ΔNeo,,,,,,Mouse-91,Mouse-100,R,KASAI,,,,Mouse,,,SPF(Mouse),True,
160,Cage-26,2016-12-14 10:22:24.523669+00:00,2018-10-23 03:07:57.279500+00:00,2016-10-14,2016-11-02,Wean--12-mother:Mouse-91--on--2016-11-14,,F,GAD67-GFP-ΔNeo,,,,,,Mouse-91,Mouse-100,R,KASAI,,,,Mouse,,,SPF(Mouse),True,
161,Cage-26,2016-12-14 10:22:24.528721+00:00,2018-10-23 03:07:57.296342+00:00,2016-10-14,2016-11-02,Wean--12-mother:Mouse-91--on--2016-11-14,,M,GAD67-GFP-ΔNeo,,,,,,Mouse-91,Mouse-100,R,KASAI,,,,Mouse,,,SPF(Mouse),True,
162,Cage-26,2016-12-14 10:22:24.533658+00:00,2018-10-23 03:07:57.311853+00:00,2016-10-14,,Wean--12-mother:Mouse-91--on--2016-11-14,,M,GAD67-GFP-ΔNeo,,,,,,Mouse-91,Mouse-100,-,KASAI,,,,Mouse,,,SPF(Mouse),True,
163,Cage-26,2016-12-14 10:22:24.538466+00:00,2018-10-23 03:07:57.326634+00:00,2016-10-14,2016-11-02,Wean--12-mother:Mouse-91--on--2016-11-14,,M,GAD67-GFP-ΔNeo,,,,,,Mouse-91,Mouse-100,R,KASAI,,,,Mouse,,,SPF(Mouse),True,
164,Cage-27,2016-12-14 10:29:11.453360+00:00,2018-10-23 03:07:57.343216+00:00,2016-10-15,,Wean--13-mother:Mouse-89--on--2016-01-01,,F,GAD67-GFP-ΔNeo,,,,,,Mouse-89,Mouse-98,-,KASAI,,,,Mouse,,,SPF(Mouse),True,
165,Cage-27,2016-12-14 10:29:11.458642+00:00,2018-10-23 03:07:57.356107+00:00,2016-10-15,2016-11-02,Wean--13-mother:Mouse-89--on--2016-01-01,,F,GAD67-GFP-ΔNeo,,,,,,Mouse-89,Mouse-98,R,KASAI,,,,Mouse,,,SPF(Mouse),True,
166,Cage-27,2016-12-14 10:29:11.463962+00:00,2018-10-23 03:07:57.370224+00:00,2016-10-15,2016-11-02,Wean--13-mother:Mouse-89--on--2016-01-01,,F,GAD67-GFP-ΔNeo,,,,,,Mouse-89,Mouse-98,R,KASAI,,,,Mouse,,,SPF(Mouse),True,
167,Cage-27,2016-12-14 10:29:11.468981+00:00,2018-10-23 03:07:57.386805+00:00,2016-10-15,2016-11-02,Wean--13-mother:Mouse-89--on--2016-01-01,,M,GAD67-GFP-ΔNeo,,,,,,Mouse-89,Mouse-98,R,KASAI,,,,Mouse,,,SPF(Mouse),True,
168,Cage-27,2016-12-14 10:29:11.473971+00:00,2018-10-23 03:07:57.403088+00:00,2016-10-15,2016-11-02,Wean--13-mother:Mouse-89--on--2016-01-01,,M,GAD67-GFP-ΔNeo,,,,,,Mouse-89,Mouse-98,R,KASAI,,,,Mouse,,,SPF(Mouse),True,
169,Cage-27,2016-12-14 10:29:11.479719+00:00,2018-10-23 03:07:57.422619+00:00,2016-10-15,2016-12-22,Wean--13-mother:Mouse-89--on--2016-01-01,,M,GAD67-GFP-ΔNeo,,,,,,Mouse-89,Mouse-98,R,KASAI,,,,Mouse,,,SPF(Mouse),True,
170,Cage-27,2016-12-14 10:29:11.484776+00:00,2018-10-23 03:07:57.439176+00:00,2016-10-15,2017-02-02,Wean--13-mother:Mouse-89--on--2016-01-01,,M,GAD67-GFP-ΔNeo,,,,,,Mouse-89,Mouse-98,R,KASAI,,,,Mouse,,,SPF(Mouse),True,
171,Cage-27,2016-12-14 10:29:11.489276+00:00,2018-10-23 03:07:57.453242+00:00,2016-10-15,2017-02-02,Wean--13-mother:Mouse-89--on--2016-01-01,,M,GAD67-GFP-ΔNeo,,,,,,Mouse-89,Mouse-98,R,KASAI,,,,Mouse,,,SPF(Mouse),True,
182,Cage-28,2016-12-27 07:39:00.184215+00:00,2018-10-23 03:07:57.550037+00:00,2016-11-24,2017-10-30,Wean--14-mother:Mouse-93--on--2016-11-24,,F,GAD67-GFP-ΔNeo,,,,,,Mouse-93,Mouse-99,R,KASAI,,,,Mouse,,,SPF(Mouse),True,
183,Cage-28,2016-12-27 07:39:00.189657+00:00,2018-10-23 03:07:57.565417+00:00,2016-11-24,2017-10-30,Wean--14-mother:Mouse-93--on--2016-11-24,,M,GAD67-GFP-ΔNeo,,,,,,Mouse-93,Mouse-99,R,KASAI,,,,Mouse,,,SPF(Mouse),True,
184,Cage-28,2016-12-27 07:39:00.194711+00:00,2018-10-23 03:07:57.578874+00:00,2016-11-24,2017-10-30,Wean--14-mother:Mouse-93--on--2016-11-24,,M,GAD67-GFP-ΔNeo,,,,,,Mouse-93,Mouse-99,R,KASAI,,,,Mouse,,,SPF(Mouse),True,
185,Cage-28,2016-12-27 07:39:00.200636+00:00,2018-10-23 03:07:57.592920+00:00,2016-11-24,2017-10-30,Wean--14-mother:Mouse-93--on--2016-11-24,,M,GAD67-GFP-ΔNeo,,,,,,Mouse-93,Mouse-99,R,KASAI,,,,Mouse,,,SPF(Mouse),True,
186,Cage-28,2016-12-27 07:39:00.205520+00:00,2018-10-23 03:07:57.608293+00:00,2016-11-24,2017-02-02,Wean--14-mother:Mouse-93--on--2016-11-24,,M,GAD67-GFP-ΔNeo,,,,,,Mouse-93,Mouse-99,R,KASAI,,,,Mouse,,,SPF(Mouse),True,
229,Cage-35,2017-01-28 06:44:59.106060+00:00,2018-10-23 03:07:58.191386+00:00,2017-12-02,2017-01-28,Wean--21-mother:Mouse-71--on--2017-12-22,,F,VGAT-Venus,,,,,,Mouse-71,Mouse-72,R,KASAI,,,,Mouse,,,SPF(Mouse),True,
230,Cage-35,2017-01-28 06:44:59.111554+00:00,2018-10-23 03:07:58.205862+00:00,2017-12-02,2017-01-28,Wean--21-mother:Mouse-71--on--2017-12-22,,F,VGAT-Venus,,,,,,Mouse-71,Mouse-72,R,KASAI,,,,Mouse,,,SPF(Mouse),True,
231,Cage-35,2017-01-28 06:44:59.116895+00:00,2018-10-23 03:07:58.218810+00:00,2017-12-02,2018-02-02,Wean--21-mother:Mouse-71--on--2017-12-22,,F,VGAT-Venus,,,,,,Mouse-71,Mouse-72,R,KASAI,,,,Mouse,,,C-413,True,
232,Cage-35,2017-01-28 06:44:59.122207+00:00,2018-10-23 03:07:58.232058+00:00,2017-12-02,2018-02-02,Wean--21-mother:Mouse-71--on--2017-12-22,,F,VGAT-Venus,,,,,,Mouse-71,Mouse-72,R,KASAI,,,,Mouse,,,C-413,True,
233,Cage-35,2017-01-28 06:44:59.127725+00:00,2018-10-23 03:07:58.247615+00:00,2017-12-02,,Wean--21-mother:Mouse-71--on--2017-12-22,,F,VGAT-Venus,,,,,,Mouse-71,Mouse-72,-,KASAI,,,,Mouse,,,C-413,True,
234,Cage-35,2017-01-28 06:44:59.133419+00:00,2018-10-23 03:07:58.260796+00:00,2017-12-02,2018-02-02,Wean--21-mother:Mouse-71--on--2017-12-22,,F,VGAT-Venus,,,,,,Mouse-71,Mouse-72,R,KASAI,,,,Mouse,,,C-413,True,
235,Cage-35,2017-01-28 06:44:59.138437+00:00,2018-10-23 03:07:58.273881+00:00,2016-12-02,2017-03-02,Wean--21-mother:Mouse-71--on--2017-12-22,,M,VGAT-Venus,,,,,,Mouse-71,Mouse-72,R,KASAI,,,,Mouse,,,SPF(Mouse),True,
236,Cage-36,2017-01-28 07:17:30.623165+00:00,2018-10-23 03:07:58.287723+00:00,2016-12-11,2017-12-16,Wean--22-mother:Mouse-82--on--2017-01-06,,F,VGAT-Venus,,,,,,Mouse-82,Mouse-72,R,KASAI,,,,Mouse,,,SPF(Mouse),True,
237,Cage-36,2017-01-28 07:17:30.628729+00:00,2018-10-23 03:07:58.301600+00:00,2016-12-11,2017-10-30,Wean--22-mother:Mouse-82--on--2017-01-06,,M,VGAT-Venus,,,,,,Mouse-82,Mouse-72,R,KASAI,,,,Mouse,,,SPF(Mouse),True,
238,Cage-36,2017-01-28 07:17:30.634561+00:00,2018-10-23 03:07:58.318201+00:00,2016-12-11,,Wean--22-mother:Mouse-82--on--2017-01-06,,M,VGAT-Venus,,,,,,Mouse-82,Mouse-72,-,KASAI,,,,Mouse,,,SPF(Mouse),True,
239,Cage-36,2017-01-28 07:17:30.639601+00:00,2018-10-23 03:07:58.332681+00:00,2016-12-11,2017-05-02,Wean--22-mother:Mouse-82--on--2017-01-06,,M,VGAT-Venus,,,,,,Mouse-82,Mouse-72,R,KASAI,,,,Mouse,,,SPF(Mouse),True,
240,Cage-36,2017-01-28 07:17:30.645085+00:00,2018-10-23 03:07:58.348640+00:00,2016-12-11,,Wean--22-mother:Mouse-82--on--2017-01-06,,M,VGAT-Venus,,,,,,Mouse-82,Mouse-72,-,KASAI,,,,Mouse,,,SPF(Mouse),True,
241,Cage-36,2017-01-28 07:17:30.650261+00:00,2018-10-23 03:07:58.364236+00:00,2016-12-11,,Wean--22-mother:Mouse-82--on--2017-01-06,,M,VGAT-Venus,,,,,,Mouse-82,Mouse-72,-,KASAI,,,,Mouse,,,SPF(Mouse),True,
242,Cage-37,2017-01-28 07:20:44.518845+00:00,2018-10-23 03:07:58.377539+00:00,2016-12-15,2017-12-16,Wean--23-mother:Mouse-78--on--2017-01-08,,F,VGAT-Venus,,,,,,Mouse-78,Mouse-81,R,KASAI,,,,Mouse,,,SPF(Mouse),True,
243,Cage-37,2017-01-28 07:20:44.524094+00:00,2018-10-23 03:07:58.392306+00:00,2016-12-15,2017-12-16,Wean--23-mother:Mouse-78--on--2017-01-08,,F,VGAT-Venus,,,,,,Mouse-78,Mouse-81,R,KASAI,,,,Mouse,,,SPF(Mouse),True,
244,Cage-37,2017-01-28 07:20:44.529400+00:00,2018-10-23 03:07:58.410189+00:00,2016-12-15,,Wean--23-mother:Mouse-78--on--2017-01-08,,M,VGAT-Venus,,,,,,Mouse-78,Mouse-81,-,KASAI,,,,Mouse,,,SPF(Mouse),True,
245,Cage-37,2017-01-28 07:20:44.534593+00:00,2018-10-23 03:07:58.425806+00:00,2016-12-15,,Wean--23-mother:Mouse-78--on--2017-01-08,,M,VGAT-Venus,,,,,,Mouse-78,Mouse-81,-,KASAI,,,,Mouse,,,SPF(Mouse),True,
246,Cage-37,2017-01-28 07:20:44.539519+00:00,2018-10-23 03:07:58.442812+00:00,2016-12-15,,Wean--23-mother:Mouse-78--on--2017-01-08,,M,VGAT-Venus,,,,,,Mouse-78,Mouse-81,-,KASAI,,,,Mouse,,,SPF(Mouse),True,
247,Cage-37,2017-01-28 07:20:44.545927+00:00,2018-10-23 03:07:58.460545+00:00,2016-12-15,,Wean--23-mother:Mouse-78--on--2017-01-08,,M,VGAT-Venus,,,,,,Mouse-78,Mouse-81,-,KASAI,,,,Mouse,,,SPF(Mouse),True,
248,Cage-37,2017-01-28 07:20:44.551013+00:00,2018-10-23 03:07:58.477182+00:00,2016-12-15,,Wean--23-mother:Mouse-78--on--2017-01-08,,M,VGAT-Venus,,,,,,Mouse-78,Mouse-81,-,KASAI,,,,Mouse,,,SPF(Mouse),True,
249,Cage-37,2017-01-28 07:20:44.556599+00:00,2018-10-23 03:07:58.493360+00:00,2017-12-15,2017-01-26,Wean--23-mother:Mouse-78--on--2017-01-08,,M,VGAT-Venus,,,,,,Mouse-78,Mouse-81,R,KASAI,,,,Mouse,,,SPF(Mouse),True,
250,Cage-38,2017-01-28 07:22:12.107825+00:00,2018-10-23 03:07:58.508416+00:00,2016-12-15,2017-12-16,Wean--24-mother:Mouse-80--on--2017-01-08,,F,VGAT-Venus,,,,,,Mouse-80,Mouse-103,R,KASAI,,,,Mouse,,,SPF(Mouse),True,
251,Cage-38,2017-01-28 07:22:12.114796+00:00,2018-10-23 03:07:58.523158+00:00,2016-12-15,2017-12-16,Wean--24-mother:Mouse-80--on--2017-01-08,,F,VGAT-Venus,,,,,,Mouse-80,Mouse-103,R,KASAI,,,,Mouse,,,SPF(Mouse),True,
252,Cage-38,2017-01-28 07:22:12.121478+00:00,2018-10-23 03:07:58.539774+00:00,2016-12-15,,Wean--24-mother:Mouse-80--on--2017-01-08,,M,VGAT-Venus,,,,,,Mouse-80,Mouse-103,-,KASAI,,,,Mouse,,,SPF(Mouse),True,
253,Cage-38,2017-01-28 07:22:12.126833+00:00,2018-10-23 03:07:58.555939+00:00,2016-12-15,2017-12-16,Wean--24-mother:Mouse-80--on--2017-01-08,,M,VGAT-Venus,,,,,,Mouse-80,Mouse-103,R,KASAI,,,,Mouse,,,SPF(Mouse),True,
254,Cage-38,2017-01-28 07:22:12.132563+00:00,2018-10-23 03:07:58.571740+00:00,2016-12-15,,Wean--24-mother:Mouse-80--on--2017-01-08,,M,VGAT-Venus,,,,,,Mouse-80,Mouse-103,-,KASAI,,,,Mouse,,,SPF(Mouse),True,
255,Cage-38,2017-01-28 07:22:12.137884+00:00,2018-10-23 03:07:58.589059+00:00,2016-12-15,,Wean--24-mother:Mouse-80--on--2017-01-08,,M,VGAT-Venus,,,,,,Mouse-80,Mouse-103,-,KASAI,,,,Mouse,,,SPF(Mouse),True,
256,Cage-39,2017-01-28 07:37:57.778919+00:00,2018-10-23 03:07:58.604564+00:00,2016-12-13,,Wean--25-mother:Mouse-95--on--2017-01-08,,F,GAD67-GFP-ΔNeo,,,,,,Mouse-95,Mouse-98,-,KASAI,,,,Mouse,,,SPF(Mouse),True,
257,Cage-39,2017-01-28 07:37:57.784939+00:00,2018-10-23 03:07:58.619758+00:00,2016-12-13,,Wean--25-mother:Mouse-95--on--2017-01-08,,F,GAD67-GFP-ΔNeo,,,,,,Mouse-95,Mouse-98,-,KASAI,,,,Mouse,,,SPF(Mouse),True,
258,Cage-39,2017-01-28 07:37:57.790165+00:00,2018-10-23 03:07:58.637925+00:00,2016-12-13,,Wean--25-mother:Mouse-95--on--2017-01-08,,F,GAD67-GFP-ΔNeo,,,,,,Mouse-95,Mouse-98,-,KASAI,,,,Mouse,,,SPF(Mouse),True,
259,Cage-39,2017-01-28 07:37:57.795236+00:00,2018-10-23 03:07:58.653537+00:00,2017-12-13,,Wean--25-mother:Mouse-95--on--2017-01-08,,M,GAD67-GFP-ΔNeo,,,,,,Mouse-95,Mouse-98,-,KASAI,,,,Mouse,,,C-413,True,
260,Cage-39,2017-01-28 07:37:57.800761+00:00,2018-10-23 03:07:58.669350+00:00,2017-12-13,,Wean--25-mother:Mouse-95--on--2017-01-08,,M,GAD67-GFP-ΔNeo,,,,,,Mouse-95,Mouse-98,-,KASAI,,,,Mouse,,,C-413,True,
261,Cage-39,2017-01-28 07:37:57.806961+00:00,2018-10-23 03:07:58.684667+00:00,2016-12-13,2017-10-24,Wean--25-mother:Mouse-95--on--2017-01-08,,M,GAD67-GFP-ΔNeo,,,,,,Mouse-95,Mouse-98,R,KASAI,,,,Mouse,,,C-413,True,
262,Cage-39,2017-01-28 07:37:57.813193+00:00,2018-10-23 03:07:58.700774+00:00,2017-12-13,,Wean--25-mother:Mouse-95--on--2017-01-08,,M,GAD67-GFP-ΔNeo,,,,,,Mouse-95,Mouse-98,-,KASAI,,,,Mouse,,,C-413,True,
263,Cage-40,2017-01-28 07:41:07.926248+00:00,2018-10-23 03:07:58.719235+00:00,2016-12-13,,Wean--26-mother:Mouse-97--on--2017-01-08,,F,GAD67-GFP-ΔNeo,,,,,,Mouse-97,Mouse-100,-,KASAI,,,,Mouse,,,C-413,True,
264,Cage-40,2017-01-28 07:41:07.933192+00:00,2018-10-23 03:07:58.735282+00:00,2016-12-13,,Wean--26-mother:Mouse-97--on--2017-01-08,,F,GAD67-GFP-ΔNeo,,,,,,Mouse-97,Mouse-100,-,KASAI,,,,Mouse,,,C-413,True,
265,Cage-40,2017-01-28 07:41:07.939413+00:00,2018-10-23 03:07:58.750201+00:00,2016-12-13,,Wean--26-mother:Mouse-97--on--2017-01-08,,F,GAD67-GFP-ΔNeo,,,,,,Mouse-97,Mouse-100,-,KASAI,,,,Mouse,,,C-413,True,
266,Cage-40,2017-01-28 07:41:07.945921+00:00,2018-10-23 03:07:58.768362+00:00,2016-12-13,,Wean--26-mother:Mouse-97--on--2017-01-08,,F,GAD67-GFP-ΔNeo,,,,,,Mouse-97,Mouse-100,-,KASAI,,,,Mouse,,,SPF(Mouse),True,
267,Cage-40,2017-01-28 07:41:07.951142+00:00,2018-10-23 03:07:58.785208+00:00,2016-12-13,,Wean--26-mother:Mouse-97--on--2017-01-08,,F,GAD67-GFP-ΔNeo,,,,,,Mouse-97,Mouse-100,-,KASAI,,,,Mouse,,,SPF(Mouse),True,
268,Cage-40,2017-01-28 07:41:07.956198+00:00,2018-10-23 03:07:58.800641+00:00,2016-12-13,,Wean--26-mother:Mouse-97--on--2017-01-08,,F,GAD67-GFP-ΔNeo,,,,,,Mouse-97,Mouse-100,-,KASAI,,,,Mouse,,,SPF(Mouse),True,
269,Cage-40,2017-01-28 07:41:07.961249+00:00,2018-10-23 03:07:58.817898+00:00,2016-12-13,,Wean--26-mother:Mouse-97--on--2017-01-08,,F,GAD67-GFP-ΔNeo,,,,,,Mouse-97,Mouse-100,-,KASAI,,,,Mouse,,,SPF(Mouse),True,
270,Cage-40,2017-01-28 07:41:07.966310+00:00,2018-10-23 03:07:58.835924+00:00,2016-12-13,,Wean--26-mother:Mouse-97--on--2017-01-08,,F,GAD67-GFP-ΔNeo,,,,,,Mouse-97,Mouse-100,-,KASAI,,,,Mouse,,,SPF(Mouse),True,
361,Cage-52,2017-04-30 04:36:55.292415+00:00,2018-10-23 03:07:59.833426+00:00,2017-03-30,,Wean--33-mother:Mouse-68--on--2017-04-20,,F,ChAT-IRES-Cre,,,,,,Mouse-68,Mouse-228,-,KASAI,,,,Mouse,,,SPF(Mouse),True,
362,Cage-52,2017-04-30 04:36:55.298259+00:00,2018-10-23 03:07:59.849510+00:00,2017-03-30,,Wean--33-mother:Mouse-68--on--2017-04-20,,M,ChAT-IRES-Cre,,,,,,Mouse-68,Mouse-228,-,KASAI,,,,Mouse,,,SPF(Mouse),True,
363,Cage-52,2017-04-30 04:36:55.303301+00:00,2018-10-23 03:07:59.866677+00:00,2017-03-30,,Wean--33-mother:Mouse-68--on--2017-04-20,,M,ChAT-IRES-Cre,,,,,,Mouse-68,Mouse-228,-,KASAI,,,,Mouse,,,SPF(Mouse),True,
364,Cage-52,2017-04-30 04:36:55.308663+00:00,2018-10-23 03:07:59.882767+00:00,2017-03-30,,Wean--33-mother:Mouse-68--on--2017-04-20,,M,ChAT-IRES-Cre,,,,,,Mouse-68,Mouse-228,-,KASAI,,,,Mouse,,,SPF(Mouse),True,
432,Cage-58,2017-06-24 01:33:16.077182+00:00,2018-10-23 03:08:00.667953+00:00,2007-03-02,2017-10-30,Wean--37-mother:Mouse-182--on--2017-04-01,,F,GAD67-GFP-ΔNeo,,,,,,Mouse-182,Mouse-183,R,KASAI,,,,Mouse,,,SPF(Mouse),True,
433,Cage-58,2017-06-24 01:33:16.083665+00:00,2018-10-23 03:08:00.685621+00:00,2007-03-02,,Wean--37-mother:Mouse-182--on--2017-04-01,,F,GAD67-GFP-ΔNeo,,,,,,Mouse-182,Mouse-183,-,KASAI,,,,Mouse,,,SPF(Mouse),True,
434,Cage-58,2017-06-24 01:33:16.089762+00:00,2018-10-23 03:08:00.698844+00:00,2007-03-02,2017-10-30,Wean--37-mother:Mouse-182--on--2017-04-01,,M,GAD67-GFP-ΔNeo,,,,,,Mouse-182,Mouse-183,R,KASAI,,,,Mouse,,,SPF(Mouse),True,
435,Cage-58,2017-06-24 01:33:16.095488+00:00,2018-10-23 03:08:00.714299+00:00,2007-03-02,,Wean--37-mother:Mouse-182--on--2017-04-01,,M,GAD67-GFP-ΔNeo,,,,,,Mouse-182,Mouse-183,-,KASAI,,,,Mouse,,,SPF(Mouse),True,
468,Cage-65,2017-08-22 06:44:25.906623+00:00,2018-10-23 03:08:01.045222+00:00,2017-06-22,2017-12-17,Wean--39-mother:Mouse-236--on--2017-07-22,,F,VGAT-Venus,,,,,,Mouse-236,Mouse-237,R,KASAI,,,,Mouse,,,SPF(Mouse),True,
469,Cage-65,2017-08-22 06:44:25.912541+00:00,2018-10-23 03:08:01.057957+00:00,2017-06-22,2017-12-16,Wean--39-mother:Mouse-236--on--2017-07-22,,F,VGAT-Venus,,,,,,Mouse-236,Mouse-237,R,KASAI,,,,Mouse,,,SPF(Mouse),True,
470,Cage-66,2017-08-22 06:49:19.167690+00:00,2018-10-23 03:08:01.073015+00:00,2017-07-09,2017-12-16,Wean--40-mother:Mouse-236--on--2017-07-09,,F,VGAT-Venus,,,,,,Mouse-236,Mouse-237,R,KASAI,,,,Mouse,,,SPF(Mouse),True,
471,Cage-67,2017-08-22 06:50:52.881745+00:00,2018-10-23 03:08:01.086896+00:00,2007-07-10,2017-12-16,Wean--41-mother:Mouse-250--on--2017-08-10,,F,VGAT-Venus,,,,,,Mouse-250,Mouse-252,R,KASAI,,,,Mouse,,,SPF(Mouse),True,
472,Cage-67,2017-08-22 06:50:52.887772+00:00,2018-10-23 03:08:01.102370+00:00,2007-07-10,,Wean--41-mother:Mouse-250--on--2017-08-10,,F,VGAT-Venus,,,,,,Mouse-250,Mouse-252,-,KASAI,,,,Mouse,,,SPF(Mouse),True,
473,Cage-68,2017-08-22 06:54:09.180696+00:00,2018-10-23 03:08:01.118259+00:00,2017-07-13,,Wean--42-mother:Mouse-433--on--2017-07-13,,F,GAD67-GFP-ΔNeo,+/-,,,,,Mouse-433,Mouse-435,-,KASAI,,,,Mouse,,,SPF(Mouse),True,
474,Cage-68,2017-08-22 06:54:09.187702+00:00,2018-10-23 03:08:01.135597+00:00,2017-07-13,,Wean--42-mother:Mouse-433--on--2017-07-13,,F,GAD67-GFP-ΔNeo,+/+,,,,,Mouse-433,Mouse-435,-,KASAI,,,,Mouse,,,SPF(Mouse),True,
475,Cage-68,2017-08-22 06:54:09.193226+00:00,2018-10-23 03:08:01.152210+00:00,2017-07-13,,Wean--42-mother:Mouse-433--on--2017-07-13,,M,GAD67-GFP-ΔNeo,+/-,,,,,Mouse-433,Mouse-435,-,KASAI,,,,Mouse,,,SPF(Mouse),True,
476,Cage-68,2017-08-22 06:54:09.199056+00:00,2018-10-23 03:08:01.167127+00:00,2017-07-13,,Wean--42-mother:Mouse-433--on--2017-07-13,,M,GAD67-GFP-ΔNeo,+/-,,,,,Mouse-433,Mouse-435,-,KASAI,,,,Mouse,,,SPF(Mouse),True,
477,Cage-68,2017-08-22 06:54:09.203522+00:00,2018-10-23 03:08:01.184898+00:00,2017-07-13,,Wean--42-mother:Mouse-433--on--2017-07-13,,M,GAD67-GFP-ΔNeo,+/+,,,,,Mouse-433,Mouse-435,-,KASAI,,,,Mouse,,,SPF(Mouse),True,
478,Cage-68,2017-08-22 06:54:09.208544+00:00,2018-10-23 03:08:01.201224+00:00,2017-07-13,,Wean--42-mother:Mouse-433--on--2017-07-13,,M,GAD67-GFP-ΔNeo,+/+,,,,,Mouse-433,Mouse-435,-,KASAI,,,,Mouse,,,SPF(Mouse),True,
484,Cage-69,2017-08-30 10:16:49.906005+00:00,2018-10-23 03:08:01.244123+00:00,2017-07-27,,,BuyCage-22-on-2017-08-30,M,C57BL/6N,+/+,,,,,,,-,KASAI,,,,Mouse,,,C-413,True,
485,Cage-69,2017-08-30 10:16:49.911255+00:00,2018-10-23 03:08:01.253349+00:00,2017-07-27,,,BuyCage-22-on-2017-08-30,M,C57BL/6N,+/+,,,,,,,-,KASAI,,,,Mouse,,,C-413,True,
486,Cage-69,2017-08-30 10:16:49.915864+00:00,2018-10-23 03:08:01.262748+00:00,2017-07-27,,,BuyCage-22-on-2017-08-30,M,C57BL/6N,+/+,,,,,,,-,KASAI,,,,Mouse,,,C-413,True,
487,Cage-69,2017-08-30 10:16:49.921147+00:00,2018-10-23 03:08:01.271518+00:00,2017-07-27,,,BuyCage-22-on-2017-08-30,M,C57BL/6N,+/+,,,,,,,-,KASAI,,,,Mouse,,,C-413,True,
488,Cage-69,2017-08-30 10:16:49.927290+00:00,2018-10-23 03:08:01.280674+00:00,2017-07-27,,,BuyCage-22-on-2017-08-30,M,C57BL/6N,+/+,,,,,,,-,KASAI,,,,Mouse,,,C-413,True,
513,Cage-71,2017-11-02 10:18:20.082600+00:00,2018-10-23 03:08:01.499724+00:00,2007-10-06,,,BuyCage-23-on-2017-11-02,M,C57BL/6N,+/+,,,,,,,-,KASAI,,,,Mouse,,,C-413,True,
514,Cage-71,2017-11-02 10:18:20.090451+00:00,2018-10-23 03:08:01.508496+00:00,2007-10-06,,,BuyCage-23-on-2017-11-02,M,C57BL/6N,+/+,,,,,,,-,KASAI,,,,Mouse,,,C-413,True,
515,Cage-71,2017-11-02 10:18:20.097105+00:00,2018-10-23 03:08:01.517166+00:00,2007-10-06,,,BuyCage-23-on-2017-11-02,M,C57BL/6N,+/+,,,,,,,-,KASAI,,,,Mouse,,,C-413,True,
516,Cage-71,2017-11-02 10:18:20.103998+00:00,2018-10-23 03:08:01.526042+00:00,2007-10-06,,,BuyCage-23-on-2017-11-02,M,C57BL/6N,+/+,,,,,,,-,KASAI,,,,Mouse,,,C-413,True,
517,Cage-71,2017-11-02 10:18:20.111797+00:00,2018-10-23 03:08:01.534805+00:00,2007-10-06,,,BuyCage-23-on-2017-11-02,M,C57BL/6N,+/+,,,,,,,-,KASAI,,,,Mouse,,,C-413,True,
518,Cage-72,2017-11-05 23:59:18.349505+00:00,2018-10-23 03:08:01.556616+00:00,2017-09-11,,Wean--43-mother:Mouse-250--on--2017-10-11,,F,VGAT-Venus,,,,,,Mouse-250,Mouse-235,-,KASAI,,,,Mouse,,,SPF(Mouse),True,
519,Cage-72,2017-11-05 23:59:18.356396+00:00,2018-10-23 03:08:01.572540+00:00,2017-09-11,,Wean--43-mother:Mouse-250--on--2017-10-11,,F,VGAT-Venus,,,,,,Mouse-250,Mouse-235,-,KASAI,,,,Mouse,,,SPF(Mouse),True,
520,Cage-72,2017-11-05 23:59:18.362774+00:00,2018-10-23 03:08:01.587573+00:00,2017-09-11,,Wean--43-mother:Mouse-250--on--2017-10-11,,F,VGAT-Venus,,,,,,Mouse-250,Mouse-235,-,KASAI,,,,Mouse,,,SPF(Mouse),True,
521,Cage-72,2017-11-05 23:59:18.370254+00:00,2018-10-23 03:08:01.604870+00:00,2017-09-11,,Wean--43-mother:Mouse-250--on--2017-10-11,,M,VGAT-Venus,,,,,,Mouse-250,Mouse-235,-,KASAI,,,,Mouse,,,SPF(Mouse),True,
522,Cage-72,2017-11-05 23:59:18.376283+00:00,2018-10-23 03:08:01.620703+00:00,2017-09-11,,Wean--43-mother:Mouse-250--on--2017-10-11,,M,VGAT-Venus,,,,,,Mouse-250,Mouse-235,-,KASAI,,,,Mouse,,,SPF(Mouse),True,
523,Cage-73,2017-11-06 00:05:41.372775+00:00,2018-10-23 03:08:01.635760+00:00,2017-09-11,,Wean--44-mother:Mouse-236--on--2007-10-11,,F,VGAT-Venus,,,,,,Mouse-236,Mouse-237,-,KASAI,,,,Mouse,,,SPF(Mouse),True,
524,Cage-73,2017-11-06 00:05:41.379663+00:00,2018-10-23 03:08:01.652983+00:00,2017-09-11,,Wean--44-mother:Mouse-236--on--2007-10-11,,F,VGAT-Venus,,,,,,Mouse-236,Mouse-237,-,KASAI,,,,Mouse,,,SPF(Mouse),True,
525,Cage-73,2017-11-06 00:05:41.386590+00:00,2018-10-23 03:08:01.668634+00:00,2017-09-11,,Wean--44-mother:Mouse-236--on--2007-10-11,,M,VGAT-Venus,,,,,,Mouse-236,Mouse-237,-,KASAI,,,,Mouse,,,SPF(Mouse),True,
526,Cage-73,2017-11-06 00:05:41.393667+00:00,2018-10-23 03:08:01.685192+00:00,2017-09-11,,Wean--44-mother:Mouse-236--on--2007-10-11,,M,VGAT-Venus,,,,,,Mouse-236,Mouse-237,-,KASAI,,,,Mouse,,,SPF(Mouse),True,
527,Cage-73,2017-11-06 00:05:41.400373+00:00,2018-10-23 03:08:01.703010+00:00,2017-09-11,,Wean--44-mother:Mouse-236--on--2007-10-11,,M,VGAT-Venus,,,,,,Mouse-236,Mouse-237,-,KASAI,,,,Mouse,,,SPF(Mouse),True,
528,Cage-73,2017-11-06 00:05:41.407658+00:00,2018-10-23 03:08:01.718193+00:00,2017-09-11,,Wean--44-mother:Mouse-236--on--2007-10-11,,M,VGAT-Venus,,,,,,Mouse-236,Mouse-237,-,KASAI,,,,Mouse,,,SPF(Mouse),True,
529,Cage-73,2017-11-06 00:05:41.414899+00:00,2018-10-23 03:08:01.733924+00:00,2017-09-11,,Wean--44-mother:Mouse-236--on--2007-10-11,,M,VGAT-Venus,,,,,,Mouse-236,Mouse-237,-,KASAI,,,,Mouse,,,SPF(Mouse),True,
573,Cage-81,2017-12-15 09:47:43.791144+00:00,2018-10-23 03:08:02.151381+00:00,2017-10-19,,,BuyCage-25-on-2017-12-15,F,VGAT-tdTomato,+/-,,,,,,,-,KASAI,,,,Mouse,,,SPF(Mouse),True,
574,Cage-81,2017-12-15 09:47:43.800519+00:00,2018-10-23 03:08:02.160845+00:00,2017-10-29,,,BuyCage-25-on-2017-12-15,F,VGAT-tdTomato,+/-,,,,,,,-,KASAI,,,,Mouse,,,SPF(Mouse),True,
575,Cage-81,2017-12-15 09:47:43.806559+00:00,2018-10-23 03:08:02.169898+00:00,2017-10-19,,,BuyCage-25-on-2017-12-15,F,VGAT-tdTomato,+/-,,,,,,,-,KASAI,,,,Mouse,,,SPF(Mouse),True,
576,Cage-81,2017-12-15 09:47:43.812052+00:00,2018-10-23 03:08:02.178179+00:00,2017-10-19,2017-12-16,,BuyCage-25-on-2017-12-15,F,VGAT-tdTomato,+/+,,,,,,,R,KASAI,,,,Mouse,,,SPF(Mouse),True,
577,Cage-81,2017-12-15 09:47:43.818641+00:00,2018-10-23 03:08:02.186022+00:00,2017-10-19,2018-04-01,,BuyCage-25-on-2017-12-15,F,VGAT-tdTomato,+/-,,,,,,,R,KASAI,,,,Mouse,,,SPF(Mouse),True,
578,Cage-81,2017-12-15 09:47:43.824012+00:00,2018-10-23 03:08:02.192754+00:00,2017-10-19,2017-12-16,,BuyCage-25-on-2017-12-15,F,VGAT-tdTomato,+/+,,,,,,,R,KASAI,,,,Mouse,,,SPF(Mouse),True,
579,Cage-81,2017-12-15 09:47:43.829240+00:00,2018-10-23 03:08:02.199198+00:00,2017-10-19,2017-12-16,,BuyCage-25-on-2017-12-15,F,VGAT-tdTomato,+/+,,,,,,,R,KASAI,,,,Mouse,,,SPF(Mouse),True,
580,Cage-81,2017-12-15 09:47:43.836137+00:00,2018-10-23 03:08:02.208892+00:00,2017-10-29,2017-12-16,,BuyCage-25-on-2017-12-15,F,VGAT-tdTomato,+/+,,,,,,,R,KASAI,,,,Mouse,,,SPF(Mouse),True,
581,Cage-81,2017-12-15 09:47:43.841110+00:00,2018-10-23 03:08:02.220227+00:00,2017-10-29,,,BuyCage-25-on-2017-12-15,F,VGAT-tdTomato,+/-,,,,,,,-,KASAI,,,,Mouse,,,SPF(Mouse),True,
582,Cage-81,2017-12-15 09:47:43.846518+00:00,2018-10-23 03:08:02.226559+00:00,2017-10-29,2017-12-16,,BuyCage-25-on-2017-12-15,F,VGAT-tdTomato,+/+,,,,,,,R,KASAI,,,,Mouse,,,SPF(Mouse),True,
583,Cage-81,2017-12-15 09:47:43.851995+00:00,2018-10-23 03:08:02.233395+00:00,2017-10-29,2018-04-01,,BuyCage-25-on-2017-12-15,F,VGAT-tdTomato,+/-,,,,,,,R,KASAI,,,,Mouse,,,SPF(Mouse),True,
584,Cage-81,2017-12-15 09:47:43.858284+00:00,2018-10-23 03:08:02.239864+00:00,2017-10-29,2017-12-16,,BuyCage-25-on-2017-12-15,F,VGAT-tdTomato,+/+,,,,,,,R,KASAI,,,,Mouse,,,SPF(Mouse),True,
585,Cage-81,2017-12-15 09:47:43.864088+00:00,2018-10-23 03:08:02.247998+00:00,2017-10-19,2018-04-01,,BuyCage-25-on-2017-12-15,F,VGAT-tdTomato,+/-,,,,,,,R,KASAI,,,,Mouse,,,SPF(Mouse),True,
586,Cage-81,2017-12-15 09:47:43.869418+00:00,2018-10-23 03:08:02.254472+00:00,2017-10-29,2017-12-16,,BuyCage-25-on-2017-12-15,F,VGAT-tdTomato,+/+,,,,,,,R,KASAI,,,,Mouse,,,SPF(Mouse),True,
587,Cage-81,2017-12-15 09:47:43.874504+00:00,2018-10-23 03:08:02.268155+00:00,2017-10-29,2017-12-16,,BuyCage-25-on-2017-12-15,F,VGAT-tdTomato,+/+,,,,,,,R,KASAI,,,,Mouse,,,SPF(Mouse),True,
588,Cage-81,2017-12-15 09:47:43.879438+00:00,2018-10-23 03:08:02.277125+00:00,2017-10-29,2018-04-01,,BuyCage-25-on-2017-12-15,F,VGAT-tdTomato,+/-,,,,,,,R,KASAI,,,,Mouse,,,SPF(Mouse),True,
589,Cage-81,2017-12-15 09:47:43.884755+00:00,2018-10-23 03:08:02.284052+00:00,2017-10-26,2018-04-01,,BuyCage-25-on-2017-12-15,F,VGAT-tdTomato,+/-,,,,,,,R,KASAI,,,,Mouse,,,SPF(Mouse),True,
590,Cage-81,2017-12-15 09:47:43.889240+00:00,2018-10-23 03:08:02.292214+00:00,2017-10-29,2017-12-16,,BuyCage-25-on-2017-12-15,F,VGAT-tdTomato,+/+,,,,,,,R,KASAI,,,,Mouse,,,SPF(Mouse),True,
591,Cage-81,2017-12-15 09:47:43.893565+00:00,2018-10-23 03:08:02.300248+00:00,2017-10-29,2017-12-16,,BuyCage-25-on-2017-12-15,F,VGAT-tdTomato,+/+,,,,,,,R,KASAI,,,,Mouse,,,SPF(Mouse),True,
592,Cage-81,2017-12-15 09:47:43.897830+00:00,2018-10-23 03:08:02.306652+00:00,2017-10-29,2017-12-16,,BuyCage-25-on-2017-12-15,F,VGAT-tdTomato,+/+,,,,,,,R,KASAI,,,,Mouse,,,SPF(Mouse),True,
593,Cage-81,2017-12-15 09:47:43.902431+00:00,2018-10-23 03:08:02.313960+00:00,2017-10-29,2017-12-16,,BuyCage-25-on-2017-12-15,M,VGAT-tdTomato,+/+,,,,,,,R,KASAI,,,,Mouse,,,SPF(Mouse),True,
594,Cage-81,2017-12-15 09:47:43.907487+00:00,2018-10-23 03:08:02.320247+00:00,2017-10-29,2018-04-01,,BuyCage-25-on-2017-12-15,M,VGAT-tdTomato,+/-,,,,,,,R,KASAI,,,,Mouse,,,SPF(Mouse),True,
595,Cage-81,2017-12-15 09:47:43.912793+00:00,2018-10-23 03:08:02.334292+00:00,2017-10-29,2018-04-01,,BuyCage-25-on-2017-12-15,M,VGAT-tdTomato,+/-,,,,,,,R,KASAI,,,,Mouse,,,SPF(Mouse),True,
596,Cage-81,2017-12-15 09:47:43.919599+00:00,2018-10-23 03:08:02.342170+00:00,2017-10-29,2017-04-01,,BuyCage-25-on-2017-12-15,M,VGAT-tdTomato,+/-,,,,,,,R,KASAI,,,,Mouse,,,SPF(Mouse),True,
597,Cage-81,2017-12-15 09:47:43.924961+00:00,2018-10-23 03:08:02.349614+00:00,2017-10-29,2017-12-16,,BuyCage-25-on-2017-12-15,M,VGAT-tdTomato,+/+,,,,,,,R,KASAI,,,,Mouse,,,SPF(Mouse),True,
598,Cage-81,2017-12-15 09:47:43.931177+00:00,2018-10-23 03:08:02.356148+00:00,2017-10-29,2017-04-01,,BuyCage-25-on-2017-12-15,M,VGAT-tdTomato,+/-,,,,,,,R,KASAI,,,,Mouse,,,SPF(Mouse),True,
599,Cage-81,2017-12-15 09:47:43.936176+00:00,2018-10-23 03:08:02.362632+00:00,2017-10-19,2018-04-01,,BuyCage-25-on-2017-12-15,M,VGAT-tdTomato,,,,,,,,R,KASAI,,,,Mouse,,,SPF(Mouse),True,
600,Cage-81,2017-12-15 09:47:43.941314+00:00,2018-10-23 03:08:02.377890+00:00,2017-10-29,2017-12-16,,BuyCage-25-on-2017-12-15,M,VGAT-tdTomato,+/+,,,,,,,R,KASAI,,,,Mouse,,,SPF(Mouse),True,
601,Cage-81,2017-12-15 09:47:43.946482+00:00,2018-10-23 03:08:02.388131+00:00,2017-10-29,,,BuyCage-25-on-2017-12-15,M,VGAT-tdTomato,+/-,,,,,,,-,KASAI,,,,Mouse,,,SPF(Mouse),True,
602,Cage-81,2017-12-15 09:47:43.951778+00:00,2018-10-23 03:08:02.396964+00:00,2017-10-29,,,BuyCage-25-on-2017-12-15,M,VGAT-tdTomato,+/-,,,,,,,-,KASAI,,,,Mouse,,,SPF(Mouse),True,
603,Cage-81,2017-12-15 09:47:43.956797+00:00,2018-10-23 03:08:02.404013+00:00,2017-10-29,2017-12-16,,BuyCage-25-on-2017-12-15,M,VGAT-tdTomato,+/+,,,,,,,R,KASAI,,,,Mouse,,,SPF(Mouse),True,
604,Cage-81,2017-12-15 09:47:43.961918+00:00,2018-10-23 03:08:02.410851+00:00,2017-10-29,2017-12-16,,BuyCage-25-on-2017-12-15,M,VGAT-tdTomato,+/+,,,,,,,R,KASAI,,,,Mouse,,,SPF(Mouse),True,
605,Cage-81,2017-12-15 09:47:43.967422+00:00,2018-10-23 03:08:02.420698+00:00,2017-10-29,,,BuyCage-25-on-2017-12-15,M,VGAT-tdTomato,+/-,,,,,,,-,KASAI,,,,Mouse,,,SPF(Mouse),True,
606,Cage-81,2017-12-15 09:47:43.972412+00:00,2018-10-23 03:08:02.427461+00:00,2017-10-29,2018-04-01,,BuyCage-25-on-2017-12-15,M,VGAT-tdTomato,+/-,,,,,,,R,KASAI,,,,Mouse,,,SPF(Mouse),True,
607,Cage-81,2017-12-15 09:47:43.978704+00:00,2018-10-23 03:08:02.433779+00:00,2017-10-29,2017-12-16,,BuyCage-25-on-2017-12-15,M,VGAT-tdTomato,+/+,,,,,,,R,KASAI,,,,Mouse,,,SPF(Mouse),True,
608,Cage-81,2017-12-15 09:47:43.983954+00:00,2018-10-23 03:08:02.442269+00:00,2017-10-29,,,BuyCage-25-on-2017-12-15,M,VGAT-tdTomato,+/-,,,,,,,-,KASAI,,,,Mouse,,,SPF(Mouse),True,
609,Cage-81,2017-12-15 09:47:43.989481+00:00,2018-10-23 03:08:02.448719+00:00,2017-10-29,2017-12-16,,BuyCage-25-on-2017-12-15,M,VGAT-tdTomato,+/+,,,,,,,R,KASAI,,,,Mouse,,,SPF(Mouse),True,
610,Cage-81,2017-12-15 09:47:43.994349+00:00,2018-10-23 03:08:02.457481+00:00,2017-10-29,,,BuyCage-25-on-2017-12-15,M,VGAT-tdTomato,+/-,,,,,,,-,KASAI,,,,Mouse,,,SPF(Mouse),True,
611,Cage-81,2017-12-15 09:47:43.999616+00:00,2018-10-23 03:08:02.466731+00:00,2017-10-29,,,BuyCage-25-on-2017-12-15,M,VGAT-tdTomato,+/-,,,,,,,-,KASAI,,,,Mouse,,,SPF(Mouse),True,
612,Cage-81,2017-12-15 09:47:44.004588+00:00,2018-10-23 03:08:02.473395+00:00,2017-10-29,2017-12-16,,BuyCage-25-on-2017-12-15,M,VGAT-tdTomato,+/+,,,,,,,R,KASAI,,,,Mouse,,,SPF(Mouse),True,
613,Cage-81,2017-12-15 09:47:44.009913+00:00,2018-10-23 03:08:02.482759+00:00,2017-10-29,,,BuyCage-25-on-2017-12-15,M,VGAT-tdTomato,+/-,,,,,,,-,KASAI,,,,Mouse,,,SPF(Mouse),True,
614,Cage-81,2017-12-15 09:47:44.015681+00:00,2018-10-23 03:08:02.489161+00:00,2017-10-29,2017-12-16,,BuyCage-25-on-2017-12-15,M,VGAT-tdTomato,+/+,,,,,,,R,KASAI,,,,Mouse,,,SPF(Mouse),True,
615,Cage-81,2017-12-15 09:47:44.020920+00:00,2018-10-23 03:08:02.495920+00:00,2017-10-29,2018-04-01,,BuyCage-25-on-2017-12-15,M,VGAT-tdTomato,+/-,,,,,,,R,KASAI,,,,Mouse,,,SPF(Mouse),True,
616,Cage-81,2017-12-15 09:47:44.026700+00:00,2018-10-23 03:08:02.510230+00:00,2017-10-29,2017-12-16,,BuyCage-25-on-2017-12-15,M,VGAT-tdTomato,+/+,,,,,,,R,KASAI,,,,Mouse,,,SPF(Mouse),True,
617,Cage-81,2017-12-15 09:47:44.034298+00:00,2018-10-23 03:08:02.517551+00:00,2017-10-29,2018-04-01,,BuyCage-25-on-2017-12-15,M,VGAT-tdTomato,+/-,,,,,,,R,KASAI,,,,Mouse,,,SPF(Mouse),True,
618,Cage-81,2017-12-15 09:47:44.039257+00:00,2018-10-23 03:08:02.525530+00:00,2017-10-29,2017-12-16,,BuyCage-25-on-2017-12-15,M,VGAT-tdTomato,+/+,,,,,,,R,KASAI,,,,Mouse,,,SPF(Mouse),True,
619,Cage-81,2017-12-15 09:47:44.044933+00:00,2018-10-23 03:08:02.532213+00:00,2017-10-29,2017-12-16,,BuyCage-25-on-2017-12-15,M,VGAT-tdTomato,+/+,,,,,,,R,KASAI,,,,Mouse,,,SPF(Mouse),True,
620,Cage-81,2017-12-15 09:47:44.050133+00:00,2018-10-23 03:08:02.538437+00:00,2017-10-29,2018-04-01,,BuyCage-25-on-2017-12-15,M,VGAT-tdTomato,+/-,,,,,,,R,KASAI,,,,Mouse,,,SPF(Mouse),True,
621,Cage-81,2017-12-15 09:47:44.055682+00:00,2018-10-23 03:08:02.545048+00:00,2017-10-29,2018-04-01,,BuyCage-25-on-2017-12-15,M,VGAT-tdTomato,+/-,,,,,,,R,KASAI,,,,Mouse,,,SPF(Mouse),True,
622,Cage-81,2017-12-15 09:47:44.060862+00:00,2018-10-23 03:08:02.558782+00:00,2017-10-29,2018-04-01,,BuyCage-25-on-2017-12-15,M,VGAT-tdTomato,+/-,,,,,,,R,KASAI,,,,Mouse,,,SPF(Mouse),True,
623,Cage-81,2017-12-15 09:47:44.065893+00:00,2018-10-23 03:08:02.567685+00:00,2017-10-29,2018-04-01,,BuyCage-25-on-2017-12-15,M,VGAT-tdTomato,+/-,,,,,,,R,KASAI,,,,Mouse,,,SPF(Mouse),True,
624,Cage-81,2017-12-15 09:47:44.071536+00:00,2018-10-23 03:08:02.576435+00:00,2017-10-29,2017-04-01,,BuyCage-25-on-2017-12-15,M,VGAT-tdTomato,+/-,,,,,,,R,KASAI,,,,Mouse,,,SPF(Mouse),True,
625,Cage-81,2017-12-15 09:47:44.077876+00:00,2018-10-23 03:08:02.582850+00:00,2017-10-29,2017-04-01,,BuyCage-25-on-2017-12-15,M,VGAT-tdTomato,+/-,,,,,,,R,KASAI,,,,Mouse,,,SPF(Mouse),True,
626,Cage-81,2017-12-15 09:47:44.083222+00:00,2018-10-23 03:08:02.589640+00:00,2017-10-29,2018-04-01,,BuyCage-25-on-2017-12-15,M,VGAT-tdTomato,+/-,,,,,,,R,KASAI,,,,Mouse,,,SPF(Mouse),True,
627,Cage-81,2017-12-15 09:47:44.088349+00:00,2018-10-23 03:08:02.595837+00:00,2017-10-29,2018-04-01,,BuyCage-25-on-2017-12-15,M,VGAT-tdTomato,+/-,,,,,,,R,KASAI,,,,Mouse,,,SPF(Mouse),True,
631,Cage-83,2017-12-25 08:52:57.038279+00:00,2018-10-23 03:08:02.649862+00:00,2017-09-11,,,BuyCage-26-on-2017-12-25,F,VGAT-Venus,-/-,,,,,,,-,KASAI,,,,Mouse,,,SPF(Mouse),True,
632,Cage-83,2017-12-25 08:52:57.042617+00:00,2018-10-23 03:08:02.661026+00:00,2017-09-11,,,BuyCage-26-on-2017-12-25,F,VGAT-Venus,-/-,,,,,,,-,KASAI,,,,Mouse,,,SPF(Mouse),True,
633,Cage-83,2017-12-25 08:52:57.047351+00:00,2018-10-23 03:08:02.671132+00:00,2017-09-11,,,BuyCage-26-on-2017-12-25,F,VGAT-Venus,-/-,,,,,,,-,KASAI,,,,Mouse,,,SPF(Mouse),True,
634,Cage-83,2017-12-25 08:52:57.051525+00:00,2018-10-23 03:08:02.686037+00:00,2017-09-11,,,BuyCage-26-on-2017-12-25,M,VGAT-Venus,-/-,,,,,,,-,KASAI,,,,Mouse,,,SPF(Mouse),True,
635,Cage-83,2017-12-25 08:52:57.055463+00:00,2018-10-23 03:08:02.694525+00:00,2017-09-11,,,BuyCage-26-on-2017-12-25,M,VGAT-Venus,-/-,,,,,,,-,KASAI,,,,Mouse,,,SPF(Mouse),True,
636,Cage-84,2017-12-25 08:53:34.047598+00:00,2018-10-23 03:08:02.708317+00:00,2017-09-11,,,BuyCage-27-on-2017-12-25,F,VGAT-Venus,-/-,,,,,,,-,KASAI,,,,Mouse,,,SPF(Mouse),True,
637,Cage-84,2017-12-25 08:53:34.052804+00:00,2018-10-23 03:08:02.717508+00:00,2017-09-11,,,BuyCage-27-on-2017-12-25,F,VGAT-Venus,-/-,,,,,,,-,KASAI,,,,Mouse,,,SPF(Mouse),True,
638,Cage-84,2017-12-25 08:53:34.058446+00:00,2018-10-23 03:08:02.725865+00:00,2017-09-11,,,BuyCage-27-on-2017-12-25,M,VGAT-Venus,-/-,,,,,,,-,KASAI,,,,Mouse,,,SPF(Mouse),True,
639,Cage-84,2017-12-25 08:53:34.063318+00:00,2018-10-23 03:08:02.734382+00:00,2017-09-11,,,BuyCage-27-on-2017-12-25,M,VGAT-Venus,-/-,,,,,,,-,KASAI,,,,Mouse,,,SPF(Mouse),True,
640,Cage-84,2017-12-25 08:53:34.068787+00:00,2018-10-23 03:08:02.743419+00:00,2017-09-11,,,BuyCage-27-on-2017-12-25,M,VGAT-Venus,-/-,,,,,,,-,KASAI,,,,Mouse,,,SPF(Mouse),True,
641,Cage-84,2017-12-25 08:53:34.074413+00:00,2018-10-23 03:08:02.752372+00:00,2017-09-11,,,BuyCage-27-on-2017-12-25,M,VGAT-Venus,-/-,,,,,,,-,KASAI,,,,Mouse,,,SPF(Mouse),True,
642,Cage-84,2017-12-25 08:53:34.080028+00:00,2018-10-23 03:08:02.762150+00:00,2017-09-11,,,BuyCage-27-on-2017-12-25,M,VGAT-Venus,-/-,,,,,,,-,KASAI,,,,Mouse,,,SPF(Mouse),True,
643,Cage-85,2017-12-25 09:08:08.087821+00:00,2018-10-23 03:08:02.780011+00:00,2017-11-20,,Wean--48-mother:Mouse-474--on--2017-12-20,,F,GAD67-GFP-ΔNeo,,,,,,Mouse-474,Mouse-476,B,KASAI,,,BirthRaising--70-mother:Mouse-643--on--2018-02-11,Mouse,,,SPF(Mouse),True,
644,Cage-85,2017-12-25 09:08:08.092599+00:00,2018-10-23 03:08:02.795577+00:00,2017-11-20,,Wean--48-mother:Mouse-474--on--2017-12-20,,F,GAD67-GFP-ΔNeo,,,,,,Mouse-474,Mouse-476,-,KASAI,,,,Mouse,,,SPF(Mouse),True,
645,Cage-85,2017-12-25 09:08:08.097256+00:00,2018-10-23 03:08:02.813252+00:00,2017-11-20,,Wean--48-mother:Mouse-474--on--2017-12-20,,F,GAD67-GFP-ΔNeo,,,,,,Mouse-474,Mouse-476,-,KASAI,,,,Mouse,,,SPF(Mouse),True,
646,Cage-85,2017-12-25 09:08:08.101683+00:00,2018-10-23 03:08:02.829337+00:00,2017-11-20,,Wean--48-mother:Mouse-474--on--2017-12-20,,M,GAD67-GFP-ΔNeo,,,,,,Mouse-474,Mouse-476,-,KASAI,,,,Mouse,,,SPF(Mouse),True,
647,Cage-85,2017-12-25 09:08:08.106122+00:00,2018-10-23 03:08:02.845971+00:00,2017-11-20,,Wean--48-mother:Mouse-474--on--2017-12-20,,M,GAD67-GFP-ΔNeo,,,,,,Mouse-474,Mouse-476,-,KASAI,,,,Mouse,,,SPF(Mouse),True,
648,Cage-85,2017-12-25 09:08:08.110638+00:00,2018-10-23 03:08:02.861897+00:00,2017-11-20,,Wean--48-mother:Mouse-474--on--2017-12-20,,M,GAD67-GFP-ΔNeo,,,,,,Mouse-474,Mouse-476,-,KASAI,,,,Mouse,,,SPF(Mouse),True,
649,Cage-85,2017-12-25 09:08:08.115078+00:00,2018-10-23 03:08:02.875292+00:00,2017-11-20,2018-04-05,Wean--48-mother:Mouse-474--on--2017-12-20,,M,GAD67-GFP-ΔNeo,,,,,,Mouse-474,Mouse-476,R,KASAI,,,,Mouse,,,SPF(Mouse),True,
702,Cage-94,2018-02-16 02:25:05.474305+00:00,2018-10-23 03:08:03.580468+00:00,2018-01-15,2018-04-01,Wean--54-mother:Mouse-581--on--2018-02-08,,F,VGAT-tdTomato,,,,,,Mouse-581,Mouse-608,R,KASAI,,,,Mouse,,,SPF(Mouse),True,
703,Cage-94,2018-02-16 02:25:05.482256+00:00,2018-10-23 03:08:03.596673+00:00,2018-01-15,2018-04-01,Wean--54-mother:Mouse-581--on--2018-02-08,,F,VGAT-tdTomato,,,,,,Mouse-581,Mouse-608,R,KASAI,,,,Mouse,,,SPF(Mouse),True,
704,Cage-94,2018-02-16 02:25:05.490138+00:00,2018-10-23 03:08:03.611393+00:00,2018-01-15,2018-04-01,Wean--54-mother:Mouse-581--on--2018-02-08,,F,VGAT-tdTomato,,,,,,Mouse-581,Mouse-608,R,KASAI,,,,Mouse,,,SPF(Mouse),True,
705,Cage-94,2018-02-16 02:25:05.497258+00:00,2018-10-23 03:08:03.625560+00:00,2018-01-15,2018-01-15,Wean--54-mother:Mouse-581--on--2018-02-08,,F,VGAT-tdTomato,,,,,,Mouse-581,Mouse-608,R,KASAI,,,,Mouse,,,SPF(Mouse),True,
706,Cage-94,2018-02-16 02:25:05.504340+00:00,2018-10-23 03:08:03.640388+00:00,2018-01-15,2018-04-01,Wean--54-mother:Mouse-581--on--2018-02-08,,M,VGAT-tdTomato,,,,,,Mouse-581,Mouse-608,R,KASAI,,,,Mouse,,,C-413,True,
707,Cage-94,2018-02-16 02:25:05.514118+00:00,2018-10-23 03:08:03.654503+00:00,2018-01-15,2018-04-01,Wean--54-mother:Mouse-581--on--2018-02-08,,M,VGAT-tdTomato,,,,,,Mouse-581,Mouse-608,R,KASAI,,,,Mouse,,,C-413,True,
708,Cage-96,2018-02-16 02:31:34.796875+00:00,2018-10-23 03:08:03.673026+00:00,2018-01-16,2018-04-01,Wean--56-mother:Mouse-574--on--2019-01-18,,F,VGAT-tdTomato,,,,,,Mouse-574,Mouse-601,R,KASAI,,,,Mouse,,,SPF(Mouse),True,
709,Cage-96,2018-02-16 02:31:34.802880+00:00,2018-10-23 03:08:03.686523+00:00,2018-01-16,2018-04-01,Wean--56-mother:Mouse-574--on--2019-01-18,,F,VGAT-tdTomato,,,,,,Mouse-574,Mouse-601,R,KASAI,,,,Mouse,,,SPF(Mouse),True,
710,Cage-96,2018-02-16 02:31:34.807808+00:00,2018-10-23 03:08:03.704009+00:00,2018-01-16,,Wean--56-mother:Mouse-574--on--2019-01-18,,F,VGAT-tdTomato,,,,,,Mouse-574,Mouse-601,-,KASAI,,,,Mouse,,,SPF(Mouse),True,
711,Cage-97,2018-02-16 02:33:49.440903+00:00,2018-10-23 03:08:03.721159+00:00,2018-01-16,,Wean--57-mother:Mouse-573--on--2018-01-16,,F,VGAT-tdTomato,,,,,,Mouse-573,Mouse-602,-,KASAI,,,,Mouse,,,SPF(Mouse),True,
712,Cage-97,2018-02-16 02:33:49.446153+00:00,2018-10-23 03:08:03.736445+00:00,2018-01-16,,Wean--57-mother:Mouse-573--on--2018-01-16,,F,VGAT-tdTomato,,,,,,Mouse-573,Mouse-602,-,KASAI,,,,Mouse,,,SPF(Mouse),True,
713,Cage-97,2018-02-16 02:33:49.451900+00:00,2018-10-23 03:08:03.751741+00:00,2018-01-16,,Wean--57-mother:Mouse-573--on--2018-01-16,,F,VGAT-tdTomato,,,,,,Mouse-573,Mouse-602,-,KASAI,,,,Mouse,,,SPF(Mouse),True,
714,Cage-97,2018-02-16 02:33:49.456352+00:00,2018-10-23 03:08:03.768897+00:00,2018-01-16,,Wean--57-mother:Mouse-573--on--2018-01-16,,F,VGAT-tdTomato,,,,,,Mouse-573,Mouse-602,-,KASAI,,,,Mouse,,,SPF(Mouse),True,
715,Cage-97,2018-02-16 02:33:49.461166+00:00,2018-10-23 03:08:03.782918+00:00,2018-01-16,2018-04-01,Wean--57-mother:Mouse-573--on--2018-01-16,,M,VGAT-tdTomato,,,,,,Mouse-573,Mouse-602,R,KASAI,,,,Mouse,,,C-413,True,
716,Cage-97,2018-02-16 02:33:49.465668+00:00,2018-10-23 03:08:03.798221+00:00,2018-01-16,2018-04-01,Wean--57-mother:Mouse-573--on--2018-01-16,,M,VGAT-tdTomato,,,,,,Mouse-573,Mouse-602,R,KASAI,,,,Mouse,,,C-413,True,
755,Cage-106,2018-02-23 07:06:33.951058+00:00,2018-10-23 03:08:04.290798+00:00,2018-01-25,2018-06-12,Wean--61-mother:Mouse-575--on--2018-02-18,,F,VGAT-tdTomato,,,,,,Mouse-575,Mouse-605,R,KASAI,,,,Mouse,,,SPF(Mouse),True,
756,Cage-106,2018-02-23 07:06:33.956276+00:00,2018-10-23 03:08:04.304173+00:00,2018-01-25,2018-06-12,Wean--61-mother:Mouse-575--on--2018-02-18,,F,VGAT-tdTomato,,,,,,Mouse-575,Mouse-605,R,KASAI,,,,Mouse,,,SPF(Mouse),True,
757,Cage-106,2018-02-23 07:06:33.961320+00:00,2018-10-23 03:08:04.321633+00:00,2018-01-25,,Wean--61-mother:Mouse-575--on--2018-02-18,,M,VGAT-tdTomato,,,,,,Mouse-575,Mouse-605,-,KASAI,,,,Mouse,,,SPF(Mouse),True,
758,Cage-106,2018-02-23 07:06:33.967601+00:00,2018-10-23 03:08:04.338192+00:00,2018-01-25,,Wean--61-mother:Mouse-575--on--2018-02-18,,M,VGAT-tdTomato,,,,,,Mouse-575,Mouse-605,-,KASAI,,,,Mouse,,,SPF(Mouse),True,
759,Cage-106,2018-02-23 07:06:33.972816+00:00,2018-10-23 03:08:04.354312+00:00,2018-01-25,,Wean--61-mother:Mouse-575--on--2018-02-18,,M,VGAT-tdTomato,,,,,,Mouse-575,Mouse-605,-,KASAI,,,,Mouse,,,SPF(Mouse),True,
760,Cage-106,2018-02-23 07:06:33.977972+00:00,2018-10-23 03:08:04.368938+00:00,2018-01-25,2018-04-01,Wean--61-mother:Mouse-575--on--2018-02-18,,M,VGAT-tdTomato,,,,,,Mouse-575,Mouse-605,R,KASAI,,,,Mouse,,,SPF(Mouse),True,
761,Cage-106,2018-02-23 07:06:33.983197+00:00,2018-10-23 03:08:04.384989+00:00,2018-01-25,,Wean--61-mother:Mouse-575--on--2018-02-18,,M,VGAT-tdTomato,,,,,,Mouse-575,Mouse-605,-,KASAI,,,,Mouse,,,SPF(Mouse),True,
814,Cage-114,2018-04-05 00:49:05.197194+00:00,2018-10-23 03:08:05.184288+00:00,2018-02-11,,Wean--67-mother:Mouse-643--on--2018-03-11,,F,GAD67-GFP-ΔNeo,,,,,,Mouse-643,Mouse-646,-,KASAI,,,,Mouse,,,SPF(Mouse),True,
815,Cage-114,2018-04-05 00:49:05.205763+00:00,2018-10-23 03:08:05.202933+00:00,2018-02-11,,Wean--67-mother:Mouse-643--on--2018-03-11,,M,GAD67-GFP-ΔNeo,,,,,,Mouse-643,Mouse-646,-,KASAI,,,,Mouse,,,SPF(Mouse),True,
816,Cage-114,2018-04-05 00:49:05.212315+00:00,2018-10-23 03:08:05.218739+00:00,2018-02-11,,Wean--67-mother:Mouse-643--on--2018-03-11,,M,GAD67-GFP-ΔNeo,,,,,,Mouse-643,Mouse-646,-,KASAI,,,,Mouse,,,SPF(Mouse),True,
817,Cage-115,2018-04-05 00:52:19.286684+00:00,2018-10-23 03:08:05.235132+00:00,2018-02-11,,Wean--68-mother:Mouse-644--on--2018-03-11,,F,GAD67-GFP-ΔNeo,,,,,,Mouse-644,Mouse-647,-,KASAI,,,,Mouse,,,SPF(Mouse),True,
818,Cage-115,2018-04-05 00:52:19.294559+00:00,2018-10-23 03:08:05.251189+00:00,2018-02-11,,Wean--68-mother:Mouse-644--on--2018-03-11,,F,GAD67-GFP-ΔNeo,,,,,,Mouse-644,Mouse-647,-,KASAI,,,,Mouse,,,SPF(Mouse),True,
819,Cage-116,2018-04-05 00:55:43.933772+00:00,2018-10-23 03:08:05.268987+00:00,2018-02-04,,Wean--69-mother:Mouse-637--on--2018-03-04,,F,VGAT-Venus,,,,,,Mouse-637,Mouse-635,-,KASAI,,,,Mouse,,,SPF(Mouse),True,
820,Cage-116,2018-04-05 00:55:43.940611+00:00,2018-10-23 03:08:05.286605+00:00,2018-02-04,,Wean--69-mother:Mouse-637--on--2018-03-04,,F,VGAT-Venus,,,,,,Mouse-637,Mouse-635,-,KASAI,,,,Mouse,,,SPF(Mouse),True,
821,Cage-116,2018-04-05 00:55:43.947074+00:00,2018-10-23 03:08:05.308830+00:00,2018-02-04,,Wean--69-mother:Mouse-637--on--2018-03-04,,M,VGAT-Venus,,,,,,Mouse-637,Mouse-635,-,KASAI,,,,Mouse,,,SPF(Mouse),True,
822,Cage-117,2018-04-05 01:02:54.823936+00:00,2018-10-23 03:08:05.324984+00:00,2018-03-03,,Wean--70-mother:Mouse-636--on--2018-04-03,,F,VGAT-Venus,,,,,,Mouse-636,Mouse-634,-,KASAI,,,,Mouse,,,SPF(Mouse),True,
823,Cage-117,2018-04-05 01:02:54.831947+00:00,2018-10-23 03:08:05.340774+00:00,2018-03-03,,Wean--70-mother:Mouse-636--on--2018-04-03,,M,VGAT-Venus,,,,,,Mouse-636,Mouse-634,-,KASAI,,,,Mouse,,,SPF(Mouse),True,
824,Cage-117,2018-04-05 01:02:54.839407+00:00,2018-10-23 03:08:05.357970+00:00,2018-03-03,,Wean--70-mother:Mouse-636--on--2018-04-03,,M,VGAT-Venus,,,,,,Mouse-636,Mouse-634,-,KASAI,,,,Mouse,,,SPF(Mouse),True,
825,Cage-118,2018-04-05 01:06:11.286529+00:00,2018-10-23 03:08:05.375155+00:00,2018-02-15,,Wean--71-mother:Mouse-577--on--2015-03-15,,F,VGAT-tdTomato,,,,,,Mouse-577,Mouse-606,-,KASAI,,,,Mouse,,,SPF(Mouse),True,
826,Cage-118,2018-04-05 01:06:11.294657+00:00,2018-10-23 03:08:05.390739+00:00,2018-02-15,,Wean--71-mother:Mouse-577--on--2015-03-15,,F,VGAT-tdTomato,,,,,,Mouse-577,Mouse-606,-,KASAI,,,,Mouse,,,SPF(Mouse),True,
847,Cage-125,2018-05-07 00:38:06.290127+00:00,2018-10-23 03:08:05.597495+00:00,2018-04-04,2018-06-12,Wean--72-mother:Mouse-637--on--2018-05-04,,M,VGAT-Venus,,,,,,Mouse-637,Mouse-635,R,KASAI,,,,Mouse,,,SPF(Mouse),True,
848,Cage-125,2018-05-07 00:38:06.297226+00:00,2018-10-23 03:08:05.611774+00:00,2018-04-04,2018-06-12,Wean--72-mother:Mouse-637--on--2018-05-04,,M,VGAT-Venus,,,,,,Mouse-637,Mouse-635,R,KASAI,,,,Mouse,,,SPF(Mouse),True,
849,Cage-125,2018-05-07 00:38:06.303165+00:00,2018-10-23 03:08:05.625674+00:00,2018-04-04,2018-06-12,Wean--72-mother:Mouse-637--on--2018-05-04,,M,VGAT-Venus,,,,,,Mouse-637,Mouse-635,R,KASAI,,,,Mouse,,,SPF(Mouse),True,
850,Cage-125,2018-05-07 00:38:06.310797+00:00,2018-10-23 03:08:05.641044+00:00,2018-04-04,2018-06-12,Wean--72-mother:Mouse-637--on--2018-05-04,,M,VGAT-Venus,,,,,,Mouse-637,Mouse-635,R,KASAI,,,,Mouse,,,SPF(Mouse),True,
851,Cage-125,2018-05-07 00:38:06.317266+00:00,2018-10-23 03:08:05.655157+00:00,2018-04-04,2018-06-12,Wean--72-mother:Mouse-637--on--2018-05-04,,M,VGAT-Venus,,,,,,Mouse-637,Mouse-635,R,KASAI,,,,Mouse,,,SPF(Mouse),True,
852,Cage-125,2018-05-07 00:38:06.323104+00:00,2018-10-23 03:08:05.668774+00:00,2018-04-04,2018-06-12,Wean--72-mother:Mouse-637--on--2018-05-04,,M,VGAT-Venus,,,,,,Mouse-637,Mouse-635,R,KASAI,,,,Mouse,,,SPF(Mouse),True,
853,Cage-126,2018-05-07 00:52:04.127698+00:00,2018-10-23 03:08:05.685545+00:00,2018-03-08,,Wean--73-mother:Mouse-645--on--2008-04-01,,F,GAD67-GFP-ΔNeo,,,,,,Mouse-645,Mouse-648,-,KASAI,,,,Mouse,,,SPF(Mouse),True,
854,Cage-126,2018-05-07 00:52:04.135280+00:00,2018-10-23 03:08:05.702740+00:00,2018-03-08,,Wean--73-mother:Mouse-645--on--2008-04-01,,M,GAD67-GFP-ΔNeo,,,,,,Mouse-645,Mouse-648,-,KASAI,,,,Mouse,,,SPF(Mouse),True,
855,Cage-127,2018-05-07 01:07:20.199338+00:00,2018-10-23 03:08:05.718418+00:00,2018-04-05,2018-06-12,Wean--74-mother:Mouse-575--on--2018-05-04,,F,VGAT-tdTomato,,,,,,Mouse-575,Mouse-605,R,KASAI,,,,Mouse,,,SPF(Mouse),True,
856,Cage-127,2018-05-07 01:07:20.206425+00:00,2018-10-23 03:08:05.731988+00:00,2018-04-05,2018-06-12,Wean--74-mother:Mouse-575--on--2018-05-04,,F,VGAT-tdTomato,,,,,,Mouse-575,Mouse-605,R,KASAI,,,,Mouse,,,SPF(Mouse),True,
857,Cage-127,2018-05-07 01:07:20.213284+00:00,2018-10-23 03:08:05.751526+00:00,2018-04-05,2018-06-12,Wean--74-mother:Mouse-575--on--2018-05-04,,F,VGAT-tdTomato,,,,,,Mouse-575,Mouse-605,R,KASAI,,,,Mouse,,,SPF(Mouse),True,
858,Cage-127,2018-05-07 01:07:20.219851+00:00,2018-10-23 03:08:05.765167+00:00,2018-04-05,2018-06-12,Wean--74-mother:Mouse-575--on--2018-05-04,,F,VGAT-tdTomato,,,,,,Mouse-575,Mouse-605,R,KASAI,,,,Mouse,,,SPF(Mouse),True,
859,Cage-127,2018-05-07 01:07:20.225908+00:00,2018-10-23 03:08:05.779397+00:00,2018-04-05,2018-06-12,Wean--74-mother:Mouse-575--on--2018-05-04,,M,VGAT-tdTomato,,,,,,Mouse-575,Mouse-605,R,KASAI,,,,Mouse,,,SPF(Mouse),True,
860,Cage-127,2018-05-07 01:07:20.232168+00:00,2018-10-23 03:08:05.794399+00:00,2018-04-05,2018-06-12,Wean--74-mother:Mouse-575--on--2018-05-04,,M,VGAT-tdTomato,,,,,,Mouse-575,Mouse-605,R,KASAI,,,,Mouse,,,SPF(Mouse),True,
861,Cage-127,2018-05-07 01:07:20.239054+00:00,2018-10-23 03:08:05.809465+00:00,2018-04-05,2018-06-12,Wean--74-mother:Mouse-575--on--2018-05-04,,M,VGAT-tdTomato,,,,,,Mouse-575,Mouse-605,R,KASAI,,,,Mouse,,,SPF(Mouse),True,
862,Cage-127,2018-05-07 01:07:20.246957+00:00,2018-10-23 03:08:05.823258+00:00,2018-04-05,2018-06-12,Wean--74-mother:Mouse-575--on--2018-05-04,,M,VGAT-tdTomato,,,,,,Mouse-575,Mouse-605,R,KASAI,,,,Mouse,,,SPF(Mouse),True,
863,Cage-127,2018-05-07 01:07:20.253234+00:00,2018-10-23 03:08:05.838458+00:00,2018-04-05,2018-06-12,Wean--74-mother:Mouse-575--on--2018-05-04,,M,VGAT-tdTomato,,,,,,Mouse-575,Mouse-605,R,KASAI,,,,Mouse,,,SPF(Mouse),True,
864,Cage-128,2018-05-07 01:11:26.709642+00:00,2018-10-23 03:08:05.862528+00:00,2018-04-05,,Wean--75-mother:Mouse-711--on--2018-05-04,,F,VGAT-tdTomato,,,,,,Mouse-711,Mouse-758,-,KASAI,,,,Mouse,,,SPF(Mouse),True,
865,Cage-128,2018-05-07 01:11:26.717263+00:00,2018-10-23 03:08:05.877872+00:00,2018-04-05,,Wean--75-mother:Mouse-711--on--2018-05-04,,F,VGAT-tdTomato,,,,,,Mouse-711,Mouse-758,-,KASAI,,,,Mouse,,,SPF(Mouse),True,
866,Cage-128,2018-05-07 01:11:26.723823+00:00,2018-10-23 03:08:05.894408+00:00,2018-04-05,,Wean--75-mother:Mouse-711--on--2018-05-04,,F,VGAT-tdTomato,,,,,,Mouse-711,Mouse-758,-,KASAI,,,,Mouse,,,SPF(Mouse),True,
867,Cage-128,2018-05-07 01:11:26.730293+00:00,2018-10-23 03:08:05.913186+00:00,2018-04-05,,Wean--75-mother:Mouse-711--on--2018-05-04,,F,VGAT-tdTomato,,,,,,Mouse-711,Mouse-758,-,KASAI,,,,Mouse,,,SPF(Mouse),True,
868,Cage-128,2018-05-07 01:11:26.736768+00:00,2018-10-23 03:08:05.929613+00:00,2018-04-05,,Wean--75-mother:Mouse-711--on--2018-05-04,,M,VGAT-tdTomato,,,,,,Mouse-711,Mouse-758,-,KASAI,,,,Mouse,,,SPF(Mouse),True,
869,Cage-128,2018-05-07 01:11:26.744005+00:00,2018-10-23 03:08:05.945203+00:00,2018-04-05,,Wean--75-mother:Mouse-711--on--2018-05-04,,M,VGAT-tdTomato,,,,,,Mouse-711,Mouse-758,-,KASAI,,,,Mouse,,,SPF(Mouse),True,
870,Cage-128,2018-05-07 01:11:26.750434+00:00,2018-10-23 03:08:05.962516+00:00,2018-04-05,,Wean--75-mother:Mouse-711--on--2018-05-04,,M,VGAT-tdTomato,,,,,,Mouse-711,Mouse-758,-,KASAI,,,,Mouse,,,SPF(Mouse),True,
937,Cage-139,2018-05-22 02:06:49.719962+00:00,2018-10-23 03:08:06.891800+00:00,2018-04-16,2018-06-12,Wean--84-mother:Mouse-574--on--2018-05-17,,F,VGAT-tdTomato,,,,,,Mouse-574,Mouse-601,R,KASAI,,,,Mouse,,,SPF(Mouse),True,
938,Cage-139,2018-05-22 02:06:49.727678+00:00,2018-10-23 03:08:06.904930+00:00,2018-04-16,2018-06-12,Wean--84-mother:Mouse-574--on--2018-05-17,,F,VGAT-tdTomato,,,,,,Mouse-574,Mouse-601,R,KASAI,,,,Mouse,,,SPF(Mouse),True,
939,Cage-139,2018-05-22 02:06:49.735283+00:00,2018-10-23 03:08:06.918078+00:00,2018-04-16,2018-06-12,Wean--84-mother:Mouse-574--on--2018-05-17,,F,VGAT-tdTomato,,,,,,Mouse-574,Mouse-601,R,KASAI,,,,Mouse,,,SPF(Mouse),True,
940,Cage-139,2018-05-22 02:06:49.744234+00:00,2018-10-23 03:08:06.932663+00:00,2018-04-16,2018-06-12,Wean--84-mother:Mouse-574--on--2018-05-17,,F,VGAT-tdTomato,,,,,,Mouse-574,Mouse-601,R,KASAI,,,,Mouse,,,SPF(Mouse),True,
941,Cage-139,2018-05-22 02:06:49.751485+00:00,2018-10-23 03:08:06.946472+00:00,2018-04-16,2018-06-12,Wean--84-mother:Mouse-574--on--2018-05-17,,M,VGAT-tdTomato,,,,,,Mouse-574,Mouse-601,R,KASAI,,,,Mouse,,,SPF(Mouse),True,
942,Cage-139,2018-05-22 02:06:49.765315+00:00,2018-10-23 03:08:06.959945+00:00,2018-04-16,2018-06-12,Wean--84-mother:Mouse-574--on--2018-05-17,,M,VGAT-tdTomato,,,,,,Mouse-574,Mouse-601,R,KASAI,,,,Mouse,,,SPF(Mouse),True,
943,Cage-139,2018-05-22 02:06:49.782963+00:00,2018-10-23 03:08:06.974252+00:00,2018-04-16,2018-06-12,Wean--84-mother:Mouse-574--on--2018-05-17,,M,VGAT-tdTomato,,,,,,Mouse-574,Mouse-601,R,KASAI,,,,Mouse,,,SPF(Mouse),True,
944,Cage-139,2018-05-22 02:06:49.791309+00:00,2018-10-23 03:08:06.987573+00:00,2018-04-16,2018-06-12,Wean--84-mother:Mouse-574--on--2018-05-17,,M,VGAT-tdTomato,,,,,,Mouse-574,Mouse-601,R,KASAI,,,,Mouse,,,SPF(Mouse),True,
945,Cage-139,2018-05-22 02:06:49.803947+00:00,2018-10-23 03:08:07.000519+00:00,2018-04-16,2018-06-12,Wean--84-mother:Mouse-574--on--2018-05-17,,M,VGAT-tdTomato,,,,,,Mouse-574,Mouse-601,R,KASAI,,,,Mouse,,,SPF(Mouse),True,
946,Cage-140,2018-05-22 02:15:09.960596+00:00,2018-10-23 03:08:07.014981+00:00,2018-04-19,2018-06-12,Wean--85-mother:Mouse-573--on--2018-05-17,,F,VGAT-tdTomato,,,,,,Mouse-573,Mouse-602,R,KASAI,,,,Mouse,,,SPF(Mouse),True,
947,Cage-140,2018-05-22 02:15:09.967105+00:00,2018-10-23 03:08:07.029432+00:00,2018-04-19,2018-06-12,Wean--85-mother:Mouse-573--on--2018-05-17,,F,VGAT-tdTomato,,,,,,Mouse-573,Mouse-602,R,KASAI,,,,Mouse,,,SPF(Mouse),True,
948,Cage-140,2018-05-22 02:15:09.973513+00:00,2018-10-23 03:08:07.042715+00:00,2018-04-19,2018-06-12,Wean--85-mother:Mouse-573--on--2018-05-17,,F,VGAT-tdTomato,,,,,,Mouse-573,Mouse-602,R,KASAI,,,,Mouse,,,SPF(Mouse),True,
949,Cage-140,2018-05-22 02:15:09.979672+00:00,2018-10-23 03:08:07.056729+00:00,2018-04-19,2018-06-12,Wean--85-mother:Mouse-573--on--2018-05-17,,F,VGAT-tdTomato,,,,,,Mouse-573,Mouse-602,R,KASAI,,,,Mouse,,,SPF(Mouse),True,
950,Cage-140,2018-05-22 02:15:09.986789+00:00,2018-10-23 03:08:07.072419+00:00,2018-04-19,2018-06-12,Wean--85-mother:Mouse-573--on--2018-05-17,,M,VGAT-tdTomato,,,,,,Mouse-573,Mouse-602,R,KASAI,,,,Mouse,,,SPF(Mouse),True,
951,Cage-140,2018-05-22 02:15:09.994365+00:00,2018-10-23 03:08:07.086386+00:00,2018-04-19,2018-06-12,Wean--85-mother:Mouse-573--on--2018-05-17,,M,VGAT-tdTomato,,,,,,Mouse-573,Mouse-602,R,KASAI,,,,Mouse,,,SPF(Mouse),True,
952,Cage-140,2018-05-22 02:15:10.000151+00:00,2018-10-23 03:08:07.099729+00:00,2018-04-19,2018-06-12,Wean--85-mother:Mouse-573--on--2018-05-17,,M,VGAT-tdTomato,,,,,,Mouse-573,Mouse-602,R,KASAI,,,,Mouse,,,SPF(Mouse),True,
953,Cage-140,2018-05-22 02:15:10.006418+00:00,2018-10-23 03:08:07.112896+00:00,2018-04-19,2018-06-12,Wean--85-mother:Mouse-573--on--2018-05-17,,M,VGAT-tdTomato,,,,,,Mouse-573,Mouse-602,R,KASAI,,,,Mouse,,,SPF(Mouse),True,
954,Cage-141,2018-05-22 02:17:35.559466+00:00,2018-10-23 03:08:07.138713+00:00,2018-04-19,,Wean--86-mother:Mouse-581--on--2018-05-17,,F,VGAT-tdTomato,,,,,,Mouse-581,Mouse-608,-,KASAI,,,,Mouse,,,SPF(Mouse),True,
955,Cage-141,2018-05-22 02:17:35.565640+00:00,2018-10-23 03:08:07.153825+00:00,2018-04-19,,Wean--86-mother:Mouse-581--on--2018-05-17,,F,VGAT-tdTomato,,,,,,Mouse-581,Mouse-608,-,KASAI,,,,Mouse,,,SPF(Mouse),True,
956,Cage-141,2018-05-22 02:17:35.571340+00:00,2018-10-23 03:08:07.169269+00:00,2018-04-19,,Wean--86-mother:Mouse-581--on--2018-05-17,,M,VGAT-tdTomato,,,,,,Mouse-581,Mouse-608,-,KASAI,,,,Mouse,,,SPF(Mouse),True,
957,Cage-141,2018-05-22 02:17:35.577546+00:00,2018-10-23 03:08:07.189387+00:00,2018-04-19,,Wean--86-mother:Mouse-581--on--2018-05-17,,M,VGAT-tdTomato,,,,,,Mouse-581,Mouse-608,-,KASAI,,,,Mouse,,,SPF(Mouse),True,
958,Cage-141,2018-05-22 02:17:35.583092+00:00,2018-10-23 03:08:07.208181+00:00,2018-04-19,,Wean--86-mother:Mouse-581--on--2018-05-17,,M,VGAT-tdTomato,,,,,,Mouse-581,Mouse-608,-,KASAI,,,,Mouse,,,SPF(Mouse),True,
960,Cage-143,2018-06-08 11:02:09.813260+00:00,2018-10-23 03:08:07.230634+00:00,2018-05-10,2018-06-12,Wean--87-mother:Mouse-710--on--2018-06-07,,F,VGAT-tdTomato,,,,,,Mouse-710,Mouse-757,R,KASAI,,,,Mouse,,,SPF(Mouse),True,
961,Cage-143,2018-06-08 11:02:09.820187+00:00,2018-10-23 03:08:07.244044+00:00,2018-05-10,2018-06-12,Wean--87-mother:Mouse-710--on--2018-06-07,,F,VGAT-tdTomato,,,,,,Mouse-710,Mouse-757,R,KASAI,,,,Mouse,,,SPF(Mouse),True,
962,Cage-143,2018-06-08 11:02:09.827341+00:00,2018-10-23 03:08:07.258658+00:00,2018-05-10,2018-06-12,Wean--87-mother:Mouse-710--on--2018-06-07,,M,VGAT-tdTomato,,,,,,Mouse-710,Mouse-757,R,KASAI,,,,Mouse,,,SPF(Mouse),True,
963,Cage-143,2018-06-08 11:02:09.834733+00:00,2018-10-23 03:08:07.274322+00:00,2018-05-10,,Wean--87-mother:Mouse-710--on--2018-06-07,,M,VGAT-tdTomato,,,,,,Mouse-710,Mouse-757,-,KASAI,,,,Mouse,,,SPF(Mouse),True,
964,Cage-143,2018-06-08 11:02:09.841593+00:00,2018-10-23 03:08:07.287148+00:00,2018-05-10,2018-06-12,Wean--87-mother:Mouse-710--on--2018-06-07,,M,VGAT-tdTomato,,,,,,Mouse-710,Mouse-757,R,KASAI,,,,Mouse,,,SPF(Mouse),True,
1065,Cage-163,2018-09-10 00:50:55.309656+00:00,2018-10-23 03:08:08.646317+00:00,2018-07-05,,Wean--99-mother:Mouse-710--on--2018-08-01,,F,VGAT-tdTomato,,,,,,Mouse-710,Mouse-757,-,KASAI,,,,Mouse,,,SPF(Mouse),True,
1066,Cage-163,2018-09-10 00:50:55.316883+00:00,2018-10-23 03:08:08.662604+00:00,2018-07-05,,Wean--99-mother:Mouse-710--on--2018-08-01,,F,VGAT-tdTomato,,,,,,Mouse-710,Mouse-757,-,KASAI,,,,Mouse,,,SPF(Mouse),True,
1067,Cage-163,2018-09-10 00:50:55.323118+00:00,2018-10-23 03:08:08.678471+00:00,2018-07-05,,Wean--99-mother:Mouse-710--on--2018-08-01,,F,VGAT-tdTomato,,,,,,Mouse-710,Mouse-757,-,KASAI,,,,Mouse,,,SPF(Mouse),True,
1068,Cage-163,2018-09-10 00:50:55.330474+00:00,2018-10-23 03:08:08.693726+00:00,2018-07-05,,Wean--99-mother:Mouse-710--on--2018-08-01,,F,VGAT-tdTomato,,,,,,Mouse-710,Mouse-757,-,KASAI,,,,Mouse,,,SPF(Mouse),True,
1069,Cage-163,2018-09-10 00:50:55.337459+00:00,2018-10-23 03:08:08.708375+00:00,2018-07-05,,Wean--99-mother:Mouse-710--on--2018-08-01,,F,VGAT-tdTomato,,,,,,Mouse-710,Mouse-757,-,KASAI,,,,Mouse,,,SPF(Mouse),True,
1070,Cage-163,2018-09-10 00:50:55.344839+00:00,2018-10-23 03:08:08.724415+00:00,2018-07-05,,Wean--99-mother:Mouse-710--on--2018-08-01,,F,VGAT-tdTomato,,,,,,Mouse-710,Mouse-757,-,KASAI,,,,Mouse,,,SPF(Mouse),True,
1071,Cage-163,2018-09-10 00:50:55.362160+00:00,2018-10-23 03:08:08.740073+00:00,2018-07-05,,Wean--99-mother:Mouse-710--on--2018-08-01,,F,VGAT-tdTomato,,,,,,Mouse-710,Mouse-757,-,KASAI,,,,Mouse,,,SPF(Mouse),True,
1072,Cage-163,2018-09-10 00:50:55.370420+00:00,2018-10-23 03:08:08.755852+00:00,2018-07-05,,Wean--99-mother:Mouse-710--on--2018-08-01,,M,VGAT-tdTomato,,,,,,Mouse-710,Mouse-757,-,KASAI,,,,Mouse,,,SPF(Mouse),True,
1073,Cage-163,2018-09-10 00:50:55.381759+00:00,2018-10-23 03:08:08.774368+00:00,2018-07-05,,Wean--99-mother:Mouse-710--on--2018-08-01,,M,VGAT-tdTomato,,,,,,Mouse-710,Mouse-757,-,KASAI,,,,Mouse,,,SPF(Mouse),True,
1074,Cage-164,2018-09-10 00:54:31.775843+00:00,2018-10-23 03:08:08.790225+00:00,2018-08-01,,Wean--100-mother:Mouse-711--on--2018-08-01,,F,VGAT-tdTomato,,,,,,Mouse-711,Mouse-758,-,KASAI,,,,Mouse,,,SPF(Mouse),True,
1075,Cage-164,2018-09-10 00:54:31.783146+00:00,2018-10-23 03:08:08.805532+00:00,2018-08-01,,Wean--100-mother:Mouse-711--on--2018-08-01,,F,VGAT-tdTomato,,,,,,Mouse-711,Mouse-758,-,KASAI,,,,Mouse,,,SPF(Mouse),True,
1076,Cage-164,2018-09-10 00:54:31.789123+00:00,2018-10-23 03:08:08.821247+00:00,2018-08-01,,Wean--100-mother:Mouse-711--on--2018-08-01,,F,VGAT-tdTomato,,,,,,Mouse-711,Mouse-758,-,KASAI,,,,Mouse,,,SPF(Mouse),True,
1077,Cage-164,2018-09-10 00:54:31.796143+00:00,2018-10-23 03:08:08.836373+00:00,2018-08-01,,Wean--100-mother:Mouse-711--on--2018-08-01,,F,VGAT-tdTomato,,,,,,Mouse-711,Mouse-758,-,KASAI,,,,Mouse,,,SPF(Mouse),True,
1078,Cage-164,2018-09-10 00:54:31.801957+00:00,2018-10-23 03:08:08.851557+00:00,2018-08-01,,Wean--100-mother:Mouse-711--on--2018-08-01,,F,VGAT-tdTomato,,,,,,Mouse-711,Mouse-758,-,KASAI,,,,Mouse,,,SPF(Mouse),True,
1079,Cage-164,2018-09-10 00:54:31.807033+00:00,2018-10-23 03:08:08.866252+00:00,2018-08-01,,Wean--100-mother:Mouse-711--on--2018-08-01,,M,VGAT-tdTomato,,,,,,Mouse-711,Mouse-758,-,KASAI,,,,Mouse,,,SPF(Mouse),True,
1080,Cage-164,2018-09-10 00:54:31.811901+00:00,2018-10-23 03:08:08.882514+00:00,2018-08-01,,Wean--100-mother:Mouse-711--on--2018-08-01,,M,VGAT-tdTomato,,,,,,Mouse-711,Mouse-758,-,KASAI,,,,Mouse,,,SPF(Mouse),True,
1081,Cage-165,2018-10-13 02:40:39.768878+00:00,2018-10-23 03:08:08.892096+00:00,2018-07-16,,,BuyCage-53-on-2018-10-13,F,C57BL/6N,+/+,,,,,,,-,KASAI,,,,Mouse,,,SPF(Mouse),True,
1082,Cage-165,2018-10-13 02:40:39.774555+00:00,2018-10-23 03:08:08.900665+00:00,2018-07-16,,,BuyCage-53-on-2018-10-13,F,C57BL/6N,+/+,,,,,,,-,KASAI,,,,Mouse,,,SPF(Mouse),True,
1083,Cage-165,2018-10-13 02:40:39.781224+00:00,2018-10-23 03:08:08.908910+00:00,2018-07-16,,,BuyCage-53-on-2018-10-13,M,C57BL/6N,+/+,,,,,,,-,KASAI,,,,Mouse,,,SPF(Mouse),True,
1084,Cage-165,2018-10-13 02:40:39.788298+00:00,2018-10-23 03:08:08.918417+00:00,2018-07-16,,,BuyCage-53-on-2018-10-13,M,C57BL/6N,+/+,,,,,,,-,KASAI,,,,Mouse,,,SPF(Mouse),True,
1085,Cage-166,2018-10-13 02:41:00.291163+00:00,2018-10-23 03:08:08.928200+00:00,2018-08-15,,,BuyCage-54-on-2018-10-13,F,C57BL/6N,,,,,+/+,,,-,KASAI,,,,Mouse,,,SPF(Mouse),True,
1086,Cage-166,2018-10-13 02:41:00.298037+00:00,2018-10-23 03:08:08.936750+00:00,2018-08-15,,,BuyCage-54-on-2018-10-13,F,C57BL/6N,,,,,+/+,,,-,KASAI,,,,Mouse,,,SPF(Mouse),True,
1087,Cage-166,2018-10-13 02:41:00.306046+00:00,2018-10-23 03:08:08.944950+00:00,2018-08-15,,,BuyCage-54-on-2018-10-13,M,C57BL/6N,,,,,+/+,,,-,KASAI,,,,Mouse,,,SPF(Mouse),True,
1088,Cage-166,2018-10-13 02:41:00.314052+00:00,2018-10-23 03:08:08.952915+00:00,2018-08-15,,,BuyCage-54-on-2018-10-13,M,C57BL/6N,,,,,+/+,,,-,KASAI,,,,Mouse,,,SPF(Mouse),True,
1089,Cage-167,2018-10-13 02:50:57.566091+00:00,2018-10-23 03:08:08.969137+00:00,2018-09-08,,Wean--101-mother:Mouse-711--on--2018-10-08,,F,VGAT-tdTomato,,,,,,Mouse-711,Mouse-758,-,KASAI,,,,Mouse,,,SPF(Mouse),True,
1090,Cage-167,2018-10-13 02:50:57.572261+00:00,2018-10-23 03:08:08.984220+00:00,2018-09-08,,Wean--101-mother:Mouse-711--on--2018-10-08,,M,VGAT-tdTomato,,,,,,Mouse-711,Mouse-758,-,KASAI,,,,Mouse,,,SPF(Mouse),True,
1091,Cage-167,2018-10-13 02:50:57.579877+00:00,2018-10-23 03:08:08.999212+00:00,2018-09-08,,Wean--101-mother:Mouse-711--on--2018-10-08,,M,VGAT-tdTomato,,,,,,Mouse-711,Mouse-758,-,KASAI,,,,Mouse,,,SPF(Mouse),True,
1092,Cage-167,2018-10-13 02:50:57.588831+00:00,2018-10-23 03:08:09.013607+00:00,2018-09-08,,Wean--101-mother:Mouse-711--on--2018-10-08,,M,VGAT-tdTomato,,,,,,Mouse-711,Mouse-758,-,KASAI,,,,Mouse,,,SPF(Mouse),True,
1093,Cage-167,2018-10-13 02:50:57.597249+00:00,2018-10-23 03:08:09.029217+00:00,2018-09-08,,Wean--101-mother:Mouse-711--on--2018-10-08,,M,VGAT-tdTomato,,,,,,Mouse-711,Mouse-758,-,KASAI,,,,Mouse,,,SPF(Mouse),True,
1094,Cage-167,2018-10-13 02:50:57.603415+00:00,2018-10-23 03:08:09.042373+00:00,2018-09-08,2018-09-08,Wean--101-mother:Mouse-711--on--2018-10-08,,M,VGAT-tdTomato,,,,,,Mouse-711,Mouse-758,R,KASAI,,,,Mouse,,,SPF(Mouse),True,
1095,Cage-168,2018-10-13 02:53:32.595645+00:00,2018-10-23 03:08:09.057462+00:00,2018-09-12,,Wean--102-mother:Mouse-710--on--2018-10-12,,F,VGAT-tdTomato,,,,,,Mouse-710,Mouse-757,-,KASAI,,,,Mouse,,,SPF(Mouse),True,
1096,Cage-168,2018-10-13 02:53:32.601680+00:00,2018-10-23 03:08:09.072627+00:00,2018-09-12,,Wean--102-mother:Mouse-710--on--2018-10-12,,F,VGAT-tdTomato,,,,,,Mouse-710,Mouse-757,-,KASAI,,,,Mouse,,,SPF(Mouse),True,
1097,Cage-168,2018-10-13 02:53:32.608814+00:00,2018-10-23 03:08:09.087275+00:00,2018-09-12,,Wean--102-mother:Mouse-710--on--2018-10-12,,M,VGAT-tdTomato,,,,,,Mouse-710,Mouse-757,-,KASAI,,,,Mouse,,,SPF(Mouse),True,
1098,Cage-168,2018-10-13 02:53:32.613780+00:00,2018-10-23 03:08:09.102446+00:00,2018-09-12,,Wean--102-mother:Mouse-710--on--2018-10-12,,M,VGAT-tdTomato,,,,,,Mouse-710,Mouse-757,-,KASAI,,,,Mouse,,,SPF(Mouse),True,
